:020000040800F2
:10000000000002204D020008B51E0008B71E0008BF
:10001000B91E0008BB1E0008BD1E0008000000003D
:10002000000000000000000000000000BF1E0008EB
:10003000C11E000800000000C31E0008C51E000805
:100040009D0200089D0200089D0200089D02000814
:100050009D0200089D0200089D0200089D02000804
:100060009D0200089D0200089D020008CD1E0008A8
:10007000DD1E0008ED1E00089D020008FD1E0008A0
:100080000D1F00081D1F00089D0200089D020008AA
:100090009D0200089D0200089D0200089D020008C4
:1000A0009D0200089D020008C9A800089D020008E2
:1000B0002DA40008DDA700089D0200089D0200088D
:1000C0009D0200089D0200089D0200089D02000894
:1000D0009D020008A5A500089D0200084DA6000885
:1000E0009D0200089D0200089D0200089D02000874
:1000F0009D0200089D0200089D020008EDA700086F
:100100009D0200089D0200089D0200089D02000853
:100110009D0200089D0200089D0200089D02000843
:100120009D0200089D0200089D0200089D02000833
:100130009D0200089D0200089D0200089D02000823
:100140002D1F0008511F0008751F00089D020008A0
:100150001DAE00089D0200089D020008F5AD0008D4
:100160009D0200089D0200089D0200089D020008F3
:100170009D0200089D0200089D0200089D020008E3
:100180009D0200089D0200089D0200089D020008D3
:100190009D020008000000009D0200089D0200086A
:1001A0009D0200089D0200089D0200089D020008B3
:1001B0009D0200089D0200089D0200089D020008A3
:1001C0009D0200089D0200089D0200089D02000893
:0801D0009D0200089D020008D9
:1001D80053B94AB9002908BF00281CBF4FF0FF31A6
:1001E8004FF0FF3000F00CB8ADF1080C6DE904CE0B
:1001F8000BF084F8DDF804E0DDE9022304B0704771
:10020800704700BF10B5054C237833B9044B13B1C0
:100218000448AFF300800123237010BD08010020BB
:1002280000000000C0B5000808B5034B1BB1034926
:100238000348AFF3008008BD000000000C01002057
:10024800C0B500080D4885460D480E490E4A0023E2
:1002580002E0D458C4500433C4188C42F9D30B4A72
:100268000B4C002301E013600432A242FBD305F0DB
:1002780005FC0BF011F800F06FF8FEE70000022013
:10028800000000200801002074B8000808010020C0
:10029800380F0020FEE7000000BF0B4B984212D039
:1002A8000A4B98420FD00A4B98420CD0094B9842FF
:1002B80009D0094B984206D0084B984203D0084B06
:1002C800984200D000BF704720020020FC010020A7
:1002D800D8010020B4010020900100206C0100200A
:1002E8004801002072B6FEE700B595B0382200211B
:1002F80006A80AF0C8FF002001900290039004901D
:10030800059003F08FFA012206924FF4A023079379
:1003180002230D9303210E910F921522109211932F
:100328001293139306A802F06DF880B90F23019376
:1003380003230293002303930493059304210DEBF5
:10034800010002F015FB20B915B05DF804FBFFF7BA
:10035800C9FFFFF7C7FF000000B589B001F0F2FF41
:10036800FFF7C2FF00F09AF801F03AF901F082F9BC
:1003780001F064FC00F052FA00F05CFB01F052F866
:1003880000F040F900F084FD01F05CF801F098F904
:1003980000F0C4FE01F048FA01F01CFC00F072FC09
:1003A80000F086FE00F0A0FE00F0D4FE00F0ECFEA7
:1003B80000F006FF00F020FF01F07AF801F0A4F841
:1003C80001F0FCFA05F064FB01F080FB01F0A0FAF3
:1003D80006F01AF900BF0023029303930493012245
:1003E8000592069340F2FF73079302A9274803F08A
:1003F800F1FE08B1FFF776FF02A9254803F0EAFEEF
:1004080008B1FFF76FFF00230093022211461F482F
:1004180003F013FF08B1FFF765FF002300930222E2
:1004280011461B4803F009FF08B1FFF75BFF1748A7
:1004380003F024FF08B1FFF755FF154803F01EFF2E
:1004480008B1FFF74FFF00221249104803F02DFFB3
:1004580008B1FFF747FF00220E490D4803F025FFBA
:1004680008B1FFF73FFF0C4B40F222321A6000221E
:100478005A609A604FF40021D9601A615A619A61F2
:10048800DA611A6206F0F9FCFEE700BFE802002014
:100498008402002001002000240100202DE9F047FB
:1004A8008EB00024089409940A940B940C940D942B
:1004B800404BDA6C42F02002DA64DA6C02F0200277
:1004C8000792079ADA6C42F04002DA64DA6C02F0BA
:1004D80040020692069ADA6C42F00402DA64DA6C98
:1004E80002F004020592059ADA6C42F00102DA641D
:1004F800DA6C02F001020492049ADA6C42F0020209
:10050800DA64DA6C02F002020392039ADA6C42F0BF
:100518001002DA64DA6C02F010020292029ADA6CC3
:1005280042F00802DA64DB6C03F008030193019BD4
:10053800214F4FF48066BE624FF4006AC7F828A0C6
:100548001E4D4FF48079C5F828904FF08008C5F803
:100558002880089608A91A4801F0C3FD08960126C4
:1005680009960A940B940C9408A9384601F0B9FD31
:10057800CDF820A009960A940B940C9408A9384643
:1005880001F0AFFDCDF8209009960A940B940C94D5
:1005980008A9284601F0A5FDCDF8208009960A94FF
:1005A8000B940C9408A9284601F09BFD0EB0BDE8F9
:1005B800F08700BF0010024000040048000C00480B
:1005C8000018004800B500F00700C0F1070CBCF1A6
:1005D800040F28BF4FF0040C031D062B0FD9C31EB0
:1005E8004FF0FF3E0EFA0CF021EA000199400EFA96
:1005F80003FE22EA0E0241EA02005DF804FB002332
:10060800EEE7000030B5AFB000212B912C912D9171
:10061800259126912791289129912A91219122911A
:10062800239124911D911E911F912091179118914A
:1006380019911A911B911C91542202A80AF023FEC9
:100648004FF4004302934FF00053139302A802F0B3
:10065800B5FA002840F09D806B4BDA6C42F40052EA
:10066800DA64DA6C02F400520192019ADA6C42F010
:100678000102DA64DB6C03F001030093009B0123A1
:1006880017930324189400251B9517A94FF0904041
:1006980001F027FD0423179318941B9517A94FF011
:1006A800904001F01EFD0823179318941B9517A975
:1006B8004FF0904001F015FD2B952C952D952BA909
:1006C8004FF0A04001F0A8FD26952795289529957B
:1006D8004FF480532A9325A94FF0A04001F0B4FDB0
:1006E8004FF0A044D4F8C03023F47F5323F03F03E5
:1006F800C4F8C030236923F480332361236923F4C9
:10070800806323F0030343F0020323614FF4403373
:100718002193229521A93D4801F028FDB0231D937E
:1007280002231E931F9520951DA9204601F0BCFDAC
:10073800E36823F0004323F4001343F00043E3602D
:10074800236923F4FE7343F00C032361E36C23F461
:10075800C07343F08003E364A36823F0204323F0CD
:100768003F03A360A36823F0104323F03F0343F043
:100778008053A360264B1B689B09264AA2FB0323D0
:100788009B0903EB83039B00234AA2FB0323DB089B
:1007980003E0FFF7A7FD5FE7013B002BFCD14FF01B
:1007A800A043DA6C22F4785242F40072DA645A698F
:1007B80022F038025A61D3F8B02022F00202C3F8BE
:1007C800B020DA6C22F4782242F4C032DA645A6932
:1007D80022F460625A61D3F8B02022F00802C3F80C
:1007E800B020DA6C22F0787242F40002DA645A69B6
:1007F80022F4E0425A61D3F8B02022F01002C3F884
:10080800B0202FB030BD00BF0010024000030050E0
:1008180028000020632D3E05CDCCCCCC70B5ACB003
:10082800002129912A912B91239124912591269198
:10083800279128911F9120912191229119911A9124
:100848001B911C911D911E91542204A80AF01BFDB6
:100858004FF4004304934FF00053159304A802F09B
:10086800ADF9002840F098806C4BDA6C42F40052E5
:10087800DA64DA6C02F400520392039ADA6C42F0FA
:100888000102DA64DA6C02F001020292029ADA6C6E
:1008980042F00402DA64DB6C03F004030193019B69
:1008A8000226199603241A9400251D9519A94FF0BC
:1008B800904001F016FC402319931A941D9519A92C
:1008C8004FF0904001F00DFC102319931A941D95D8
:1008D80019A9534801F005FC29952A952B95514CE7
:1008E80029A9204601F098FC249525952695279559
:1008F8004FF48053289323A9204601F0A5FCD4F88F
:10090800C03023F47F5323F03F03C4F8C030236979
:1009180023F480332361236923F4806323F00303E2
:1009280033432361B0231F932096219522951FA955
:10093800204601F0B9FCE36823F0004323F40013D8
:1009480043F00043E360236923F4FE7343F00C0390
:100958002361E36C23F4C07343F08003E364A3686A
:1009680023F0204323F03F03A360A36823F0104340
:1009780023F03F0343F08053A3602B4B1B689B0974
:100988002A4AA2FB03239B0903EB8303B340284AAB
:10099800A2FB0323DB0803E0FFF7A4FC64E7013BA9
:1009A800002BFCD11F4BDA6C22F4785242F480629F
:1009B800DA644FF0A042D2F8141121F4E071C2F8C1
:1009C8001411D3F8B01021F00401C3F8B010D96C99
:1009D80021F4782141F4C031D964D2F8141121F4FA
:1009E8006061C2F81411D3F8B01021F00801C3F8FF
:1009F800B010D96C21F0787141F42001D964D2F893
:100A0800141121F46031C2F81411D3F8B02022F087
:100A18002002C3F8B0202CB070BD00BF0010024007
:100A2800000800480001005028000020632D3E0502
:100A3800CDCCCCCC70B5AEB000212B912C912D91A2
:100A4800259126912791289129912A9121912291E6
:100A5800239124911D911E911F9120911791189116
:100A680019911A911B911C91542202A80AF00BFCAF
:100A78004FF4803302934FF00043149302A802F01E
:100A88009DF8002840F0AA80754BDA6C42F4804249
:100A9800DA64DA6C02F480420192019ADA6C42F06C
:100AA8001002DA64DB6C03F010030093009B8023D0
:100AB80017930324189400251B956A4E17A93046EE
:100AC80001F00FFB4FF40073179318941B9517A9A7
:100AD800304601F006FB4FF40053179318941B950A
:100AE80017A9304601F0FDFA5F4BD8682A4621461F
:100AF800C0F30220FFF766FD0001C0B25B4B83F82C
:100B08002F034FF400425A602B952C952D95584C85
:100B18002BA9204601F080FB269527952895299535
:100B28004FF480532A9325A9204601F08DFBD4F871
:100B3800C03023F47F5323F03F03C4F8C030236947
:100B480023F480332361236923F4806323F00303B0
:100B580043F0020323614FF440332193229521A9E6
:100B6800444801F003FBB0231D9302231E931F95F5
:100B780020951DA9204601F097FBE36823F0004368
:100B880023F4001343F00043E360236923F4FE7366
:100B980043F00C032361E36C23F4C07343F0800338
:100BA800E364A36823F0204323F03F03A360A36812
:100BB80023F0104323F03F0343F08053A3602E4BF0
:100BC8001B689B092D4AA2FB03239B0903EB8303A4
:100BD8009B002B4AA2FB0323DB0803E0FFF782FB01
:100BE80052E7013B002BFCD1214BDA6C22F47852FE
:100BF80042F48062DA644FF0A042D2F8141421F46F
:100C0800E071C2F81414D3F8B01021F00401C3F84D
:100C1800B010D96C21F4782141F4C031D964D2F8EC
:100C2800141421F46061C2F81414D3F8B01021F040
:100C38000801C3F8B010D96C21F0787141F40001B3
:100C4800D964D2F8141421F4E041C2F81414D3F88A
:100C5800B02022F01002C3F8B0202EB070BD00BF43
:100C6800001002400010004800ED00E000E100E044
:100C7800000400500007005028000020632D3E05A6
:100C8800CDCCCCCC70B5AAB0002127912891299160
:100C98002191229123912491259126911D911E91B4
:100CA8001F9120911791189119911A911B911C91DC
:100CB800542202A80AF0E7FA4FF4803302934FF067
:100CC8000043149302A801F079FF002840F09380B4
:100CD800694BDA6C42F48042DA64DA6C02F48042DE
:100CE8000192019ADA6C42F01002DA64DB6C03F0CC
:100CF80010030093009B4FF48073179303261896F4
:100D080000251B955D4C17A9204601F0EAF94FF420
:100D18008043179318961B9517A9204601F0E1F90F
:100D28004FF40043179318961B9517A9204601F016
:100D3800D8F9279528952995514C27A9204601F0DF
:100D48006BFA22952395249525954FF48053269385
:100D580021A9204601F078FAD4F8C03023F47F5353
:100D680023F03F03C4F8C030236923F480332361A0
:100D7800236923F4806323F0030343F00203236110
:100D8800B0231D9302231E931F9520951DA920466D
:100D980001F08AFAE36823F0004323F4001343F0D8
:100DA8000043E360236923F4FE7343F00C032361DB
:100DB800E36C23F4C07343F08003E364A36823F077
:100DC800204323F03F03A360A36823F0104323F0DC
:100DD8003F0343F08053A3602A4B1B689B092A4AB0
:100DE800A2FB03239B0903EB83039B00274AA2FB77
:100DF8000323F34003E0FFF775FA69E7013B002B93
:100E0800FCD11F4BDA6C22F4785242F40072DA6497
:100E18004FF0A042D2F8141521F03801C2F8141589
:100E2800D3F8B01021F00201C3F8B010D96C21F446
:100E3800782141F48031D964D2F8141521F4E07195
:100E4800C2F81415D3F8B01021F00401C3F8B0109B
:100E5800D96C21F0787141F44001D964D2F81415A5
:100E680021F4E011C2F81415D3F8B02022F04002A2
:100E7800C3F8B0202AB070BD00100240001000482E
:100E88000005005028000020632D3E05CDCCCCCCB9
:100E9800F0B5AFB000212B912C912D912591269181
:100EA8002791289129912A91219122912391249186
:100EB8001D911E911F9120911791189119911A91C6
:100EC8001B911C91542202A80AF0DDF94FF48033DB
:100ED80002934FF00043149302A801F06FFE00281C
:100EE80040F08F806B4BDA6C42F48042DA64DA6C43
:100EF80002F480420192019ADA6C42F01002DA643C
:100F0800DB6C03F010030093009B4FF4006317930E
:100F18000327189700251B955F4C17A9204601F059
:100F2800E0F84FF48056179618971B9517A9204696
:100F380001F0D7F82B952C952D95584C2BA92046C8
:100F480001F06AF926952795289529952A9625A9C5
:100F5800204601F079F9D4F8C03023F47F5323F008
:100F68003F03C4F8C030236923F480332361236925
:100F780023F4806323F0030343F0020323614FF457
:100F88004033219321A9464801F0F0F8B0231D937E
:100F980002231E931F9520951DA9204601F084F970
:100FA800E36823F0004323F4001343F00043E360B5
:100FB800236923F4FE7343F00C032361E36C23F4E9
:100FC800C07343F08003E364A36823F0204323F055
:100FD8003F03A360A36823F0104323F03F0343F0CB
:100FE8008053A3602F4B1B689B092F4AA2FB032346
:100FF8009B0903EB83039B002C4AA2FB0323FB40C2
:1010080003E0FFF76FF96DE7013B002BFCD1234BA1
:10101800DA6C22F4785242F40062DA644FF0A042AB
:10102800D2F8141621F4E041C2F81416D3F8B0101F
:1010380021F01001C3F8B0101948816821F0E0715F
:1010480041F440018160D96C21F4782141F4F02108
:10105800D964D2F8181621F46031C2F81816D3F8FA
:10106800B01021F40041C3F8B010D96C21F07871A8
:1010780041F00071D964D2F8181621F4E011C2F8D1
:101088001816D3F8B02022F48032C3F8B0202FB05D
:10109800F0BD00BF001002400010004800060050DC
:1010A8000007005028000020632D3E05CDCCCCCC95
:1010B80008B50B480B4B03604FF480734360502313
:1010C8008360002303614FF4E022C260436121235F
:1010D800836102F0B1FC00B908BDFFF703F9FBE733
:1010E800200200200002014008B50A480A4B0360AC
:1010F800002343605022826003614FF4E022C26003
:1011080043612123836102F097FC00B908BDFFF712
:10111800E9F8FBE7FC0100200402014008B50B4890
:101128000B4B03604FF480734360502383600023AC
:1011380003614FF4E022C26043612123836102F01E
:101148007BFC00B908BDFFF7CDF8FBE7D80100200C
:101158000802014008B50A480A4B036000234360AF
:101168005022826003614FF4E022C2604361212370
:10117800836102F061FC00B908BDFFF7B3F8FBE733
:10118800B40100200C02014008B50B480B4B03606A
:101198004FF48073436050238360002303614FF44E
:1011A800E022C26043612123836102F045FC00B95B
:1011B80008BDFFF797F8FBE79001002010020140F7
:1011C80008B50B480B4B03604FF480734360502302
:1011D8008360002303614FF4E022C260436121234E
:1011E800836102F029FC00B908BDFFF77BF8FBE733
:1011F8006C0100201402014008B50B480B4B03603A
:101208004FF48073436040238360002303614FF4ED
:10121800E022C26043612123836102F00DFC00B922
:1012280008BDFFF75FF8FBE74801002018020140FE
:1012380000B58DB000230793089309930A930B9385
:1012480003686D4A934216D06C4A93422ED06C4A7A
:10125800934247D06B4A93425FD06B4A934277D010
:101268006A4A934200F09080694A934200F0A8804D
:101278000DB05DF804FB674BDA6C42F00202DA64E9
:10128800DB6C03F002030093009B02230793032304
:10129800089307A9604802F007F800221146402089
:1012A80002F0A2FB402002F0AFFBE1E7594BDA6CF9
:1012B80042F00102DA64DB6C03F001030193019B45
:1012C800802307930323089307A94FF0904001F068
:1012D800EBFF00221146402002F086FB402002F07E
:1012E80093FBC5E74B4BDA6C42F00402DA64DB6C23
:1012F80003F004030293029B02230793032308933A
:1013080007A9464801F0D0FF00221146402002F00C
:101318006BFB402002F078FBAAE73E4BDA6C42F008
:101328000202DA64DB6C03F002030393039B0123DC
:1013380007930323089307A9374801F0B5FF002254
:101348001146412002F050FB412002F05DFB8FE77F
:10135800304BDA6C42F00802DA64DB6C03F0080305
:101368000493049B4FF4805307930323089307A91E
:101378002B4801F099FF00221146412002F034FB6E
:10138800412002F041FB73E7224BDA6C42F008027D
:10139800DA64DB6C03F008030593059B4FF40063E4
:1013A80007930323089307A91D4801F07DFF002236
:1013B8001146412002F018FB412002F025FB57E7B7
:1013C800144BDA6C42F00802DA64DB6C03F00803B1
:1013D8000693069B4FF4804307930323089307A9BA
:1013E8000F4801F061FF00221146422002F0FCFA8A
:1013F800422002F009FB3BE70002014004020140E1
:10140800080201400C020140100201401402014090
:10141800180201400010024000040048000800487B
:10142800000C004882B0064B9A6C42F008029A649D
:101438009B6C03F008030193019B02B0704700BF47
:101448000010024000B58DB030220021684609F036
:101458001AFF1548154B036002F084FCD0B902232B
:10146800009300228DF804208DF805200292039243
:10147800049205930693079269460B4802F084FC90
:1014880058B910226946084802F07EFC40B90DB0F0
:101498005DF804FBFEF726FFE1E7FEF723FFF0E720
:1014A800FEF720FFF3E700BF6C02002000080050A1
:1014B80000B58DB030220021684609F0E4FE1048DE
:1014C800104B036002F04EFCA0B9022300930022E7
:1014D8008DF804208DF8052002920392049205935A
:1014E800069307926946064802F04EFC28B90DB0EB
:1014F8005DF804FBFEF7F6FEE7E7FEF7F3FEF6E716
:1015080058020020000C005000B58DB03022002198
:10151800684609F0B8FE1548154B036002F022FC36
:10152800D0B90223009300228DF804208DF80520FD
:1015380002920392049205930693079269460B4818
:1015480002F022FC58B910226946084802F01CFC37
:1015580040B90DB05DF804FBFEF7C4FEE1E7FEF705
:10156800C1FEF0E7FEF7BEFEF3E700BF440200202D
:101578000014005084B00368154A934207D0154AF6
:1015880093420FD0144A934217D004B07047134BBC
:10159800DA6C42F48032DA64DB6C03F48033019352
:1015A800019BF2E70D4BDA6C42F40032DA64DB6C33
:1015B80003F400330293029BE7E7084BDA6C42F42A
:1015C8000022DA64DB6C03F400230393039BDCE75B
:1015D80000080050000C0050001400500010024099
:1015E80000B583B0224B9A6C42F004029A649A6C5C
:1015F80002F004020092009A9A6C42F001029A6486
:101608009B6C03F001030193019B002211460B2000
:1016180002F0EAF90B2002F0F7F9002211460C203B
:1016280002F0E2F90C2002F0EFF9002211460D2039
:1016380002F0DAF90D2002F0E7F9002211460F2036
:1016480002F0D2F90F2002F0DFF900221146102033
:1016580002F0CAF9102002F0D7F900221146112031
:1016680002F0C2F9112002F0CFF903B05DF804FBD3
:101678000010024038B51048104B03600023436047
:101688008360C36001220274437483741525456125
:1016980082610D24C4610221016245628262C462D2
:1016A800016342638363C36302F0AAFC00B938BDD7
:1016B800FEF718FEFBE700BFE802002000640040C8
:1016C80038B51048104B0360002343608360C36043
:1016D80001220274437483741525456182610D24C7
:1016E800C4610221016245628262C462016342638D
:1016F8008363C36302F084FC00B938BDFEF7F2FDD2
:10170800FBE700BF840200200068004010B59EB0CF
:101718000446002119911A911B911C911D91542284
:1017280004A809F0B0FD2368394A934204D0394A25
:10173800934237D01EB010BD4FF4805304934FF03E
:101748000073129304A801F039FAE8B9324A136811
:1017580001331360012B1AD0304BDA6C42F00802C7
:10176800DA64DB6C03F008030193019B03231993EC
:1017780002231A9300231B931C9309231D9319A971
:10178800274801F091FDD5E7FEF7ACFDDEE7234BD6
:101798009A6D42F000729A659B6D03F00073009396
:1017A800009BD9E74FF4805304934FF000731293D2
:1017B80004A801F003FAE8B9174A13680133136063
:1017C800012B1AD0154BDA6C42F00202DA64DB6C9A
:1017D80003F002030393039B6023199302231A93D4
:1017E80000231B931C9309231D9319A90D4801F08D
:1017F8005BFD9FE7FEF776FDDEE7084B9A6D42F04A
:1018080000729A659B6D03F000730293029BD9E7FF
:101818000064004000680040800200200010024080
:10182800000C00480004004808B51548154B036033
:1018380003F1015303F5801303F68C33436000234F
:1018480083600122C260036143618361C3610362F3
:1018580002F0AEFD50B90021094802F007FE40B978
:101868000021074802F030FE30B908BDFEF73AFD06
:10187800F1E7FEF737FDF3E7FEF734FDF5E700BFC4
:101888004C0300200054004010B59CB004460021D1
:101898001791189119911A911B91542202A809F0D5
:1018A800F2FC2268174B9A4201D01CB010BD4023AD
:1018B800029302A801F082F908BB134CE36C43F0D1
:1018C8000203E364E36C03F002030093009B4FF40C
:1018D8004073179312231893002319931A93042320
:1018E8001B9317A9094801F0DFFCA36D43F400130B
:1018F800A365A36D03F400130193019BD5E7FEF7DD
:10190800F1FCDAE7005400400010024000040048EF
:1019180000B58FB000230A930B930C930D93079394
:1019280008930993009301930293039304930593F7
:1019380006932048204A02604360836041F657328C
:10194800C2600361836102F0F3FF18BB4FF4805358
:101958000A930AA9174803F0B1F9F0B9154803F03A
:1019680017F8E8B9202307930023099307A911481A
:1019780003F00EFCB8B90022009240F6AB53019375
:101988000292049269460B4803F0B0F870B90FB0A0
:101998005DF804FBFEF7A6FCD8E7FEF7A3FCDDE73D
:1019A800FEF7A0FCDEE7FEF79DFCE4E7FEF79AFCF5
:1019B800EDE700BFE40300200004004008B50A4832
:1019C8000A4B0360092343600023836044F29F129B
:1019D800C26003614361836102F0AAFF00B908BDD8
:1019E800FEF780FCFBE700BF980300200048014099
:1019F80000B585B00368B3F1804F08D01D4A934203
:101A080019D01D4A934221D005B05DF804FB03F5B7
:101A180004339A6D42F001029A659B6D03F001034D
:101A28000193019B002201211C2001F0DDFF1C20F5
:101A380001F0EAFFE8E7114B9A6D42F002029A655D
:101A48009B6D03F002030293029BDDE70B4B1A6EBA
:101A580042F480221A661B6E03F480230393039BCF
:101A6800002204211A2001F0BFFF1A2001F0CCFF48
:101A7800CAE700BF000400400048014000100240CF
:101A880000B587B000230193029303930493059351
:101A98000368B3F1804F02D007B05DF804FB03F58B
:101AA8000433DA6C42F00802DA64DB6C03F00803F2
:101AB8000093009B5023019302230293059301A9ED
:101AC800014801F0F1FBE7E7000C004800B58FB0D2
:101AD80000230A930B930C930D9307930893099390
:101AE8000093019302930393049305930693384854
:101AF8004FF0804202604360836044F61F62C26018
:101B08000361836102F014FF002849D14FF4805328
:101B18000A930AA92E4803F0D1F8002843D12C488B
:101B280002F066FF002841D1294802F031FF002861
:101B38003FD100230793099307A9254803F028FB01
:101B4800002839D16023009344F2506301930223A3
:101B5800029300230493042269461D4803F003F806
:101B680068BB002300934FF4C862019202930822D5
:101B78006946174802F0BAFF20BB602300934FF470
:101B88007A730193022302930C226946104802F0EB
:101B9800EAFFD0B90E48FFF773FF0FB05DF804FBFA
:101BA800FEF7A0FBB2E7FEF79DFBB8E7FEF79AFB4E
:101BB800BAE7FEF797FBBCE7FEF794FBC2E7FEF730
:101BC80091FBCEE7FEF78EFBD7E7FEF78BFBE1E74D
:101BD8003004002008B51748174B03604FF4E13371
:101BE800436000238360C36003610C224261836108
:101BF800C36103624362836203F07DFE70B9002112
:101C08000C4803F0F0FE60B900210A4803F010FF09
:101C180050B9084803F0C8FE48B908BDFEF762FB92
:101C2800EDE7FEF75FFBEFE7FEF75CFBF1E7FEF79A
:101C380059FBF2E78C0600200038014008B5174828
:101C4800174B03604FF4E133436000238360C360A4
:101C580003610C2242618361C36103624362836250
:101C680003F049FE70B900210C4803F0BCFE60B9CE
:101C780000210A4803F0DCFE50B9084803F094FE3E
:101C880048B908BDFEF72EFBEDE7FEF72BFBEFE7A3
:101C9800FEF728FBF1E7FEF725FBF2E7FC0500203D
:101CA800004800402DE9F0419EB0044600211991FA
:101CB8001A911B911C911D91542204A809F0E3FA72
:101CC80023686D4A934205D06C4A934263D01EB094
:101CD800BDE8F0810123049304A800F06FFF0028F9
:101CE80050D1674B1A6E42F480421A661A6E02F49B
:101CF80080420092009ADA6C42F01002DA64DB6CDF
:101D080003F010030193019B0323199302231A93F1
:101D180000251B951C9507231D9319A9594801F007
:101D2800C3FA5948594B0360182343608560C5605E
:101D38008023036145618561C561056201F0F8FB97
:101D480018BB514BE3679C625148524B03601923FF
:101D58004360102383600023C360802202614361D3
:101D68008361C361036201F0E3FB88B9484BA36751
:101D78009C6200220421252001F036FE252001F076
:101D880043FEA4E7FEF7AEFAABE7FEF7ABFAD8E7F7
:101D9800FEF7A8FAEAE70423049304A800F00EFF6C
:101DA800002860D1364B9A6D42F480229A659A6D6C
:101DB80002F480220292029ADA6C42F00402DA6497
:101DC800DB6C03F004030393039B4FF480631993C4
:101DD80002261A9600251B951C954FF00708CDF88A
:101DE80074802D4F19A9384601F05EFA4FF400634C
:101DF80019931A961B961C95CDF8748019A9384624
:101E080001F052FA2548264B03601C234360856085
:101E1800C5608023036145618561C561056201F084
:101E280087FB18BB1D4BE3679C621E481E4B036073
:101E38001D234360102383600023C3608022026156
:101E480043618361C361036201F072FB88B9154B7A
:101E5800A3679C6200220421272001F0C5FD2720EA
:101E680001F0D2FD33E7FEF73DFA9BE7FEF73AFAB9
:101E7800D8E7FEF737FAEAE70038014000480040A3
:101E880000100240001000489C050020300002406D
:101E98003C0500208000024000080048DC040020C7
:101EA800080002407C0400201C000240FEE7FEE718
:101EB800FEE7FEE7FEE770477047704708B500F099
:101EC80051FA08BD08B5024801F047FC08BD00BF3B
:101ED800DC04002008B5024801F03FFC08BD00BF43
:101EE8007C04002008B5024801F037FC08BD00BF9B
:101EF8009C05002008B5024801F02FFC08BD00BF72
:101F08008007002008B5024801F027FC08BD00BF83
:101F18002007002008B5024801F01FFC08BD00BFDB
:101F28003C05002008B5054801F0D2FE044801F040
:101F3800CFFE044801F0CCFE08BD00BF20020020FF
:101F4800FC010020D801002008B5054801F0C0FEBA
:101F5800044801F0BDFE044801F0BAFE08BD00BF08
:101F6800B4010020900100206C01002008B502484F
:101F780001F0AEFE08BD00BF4801002000B583B0E7
:101F88000B4B1A6E42F001021A661A6E02F0010239
:101F98000092009A9A6D42F080529A659B6D03F008
:101FA80080530193019B01F0C3FC03B05DF804FB6F
:101FB8000010024010B4046891FAA1F3A3B1B3FA77
:101FC80083F35B004FF0030C0CFA03F324EA0303DA
:101FD80091FAA1F151B1B1FA81F149008A40134354
:101FE80003605DF8044B70472023EAE72021F4E7FB
:101FF80010B4846891FAA1F3A3B1B3FA83F35B0038
:102008004FF0030C0CFA03F324EA030391FAA1F14D
:1020180051B1B1FA81F149008A40134383605DF8F8
:10202800044B70472023EAE72021F4E710B4C46882
:1020380091FAA1F3A3B1B3FA83F35B004FF0030C59
:102048000CFA03F324EA030391FAA1F151B1B1FAAE
:1020580081F149008A401343C3605DF8044B70471F
:102068002023EAE72021F4E710B4046A91FAA1F3E7
:10207800A3B1B3FA83F39B004FF00F0C0CFA03F3F0
:1020880024EA030391FAA1F151B1B1FA81F189006F
:102098008A40134303625DF8044B70472023EAE744
:1020A8002021F4E710B4446A090A91FAA1F3A3B114
:1020B800B3FA83F39B004FF00F0C0CFA03F324EAF6
:1020C800030491FAA1F151B1B1FA81F189008A4072
:1020D800144344625DF8044B70472023EAE720214B
:1020E800F4E7F8B507460E460D6895FAA5F515B15B
:1020F800B5FA85F51BE0202519E0B2682146384677
:10210800FFF776FF3268F1687B6823EA020301FB78
:1021180002F213437B6016E0726921463846FFF7E6
:10212800C1FF726821463846FFF744FF013534681D
:1021380034FA05F217D00122AA401440F6D0736889
:10214800013B012BD9D9326921463846FFF76EFF8A
:102158007368022BE5D1FF2CDED872692146384618
:10216800FFF782FFDDE70020F8BD000010B44C68DF
:10217800234B984225D0234B9A6812F0010200D0D5
:102188000122214B9B6813F0010300D00123134364
:102198001E4A926812F0010200D0012213430CBFBC
:1021A800012300233BB3F4B18268194B13400A683A
:1021B80014438A681443CA68144323438360002085
:1021C8001AE04FF0A0439A6812F0010200D00122F1
:1021D800104B9B6813F0010300D0012313430CBF7D
:1021E80001230023DEE78268094B13400A68134382
:1021F8008360002000E001205DF8044B704700BFB9
:102208000003005000040050000500500006005074
:10221800E030C0FF00010050836813F0010F10D1B7
:1022280010B4C36823F4404323F018030A684C68C9
:10223800224389680A431343C36000205DF8044BB6
:1022480070470120704700004A68836813F0010F47
:1022580026D110B4BAB1C368124A1A400B688C6808
:102268002343CC6823430C6923434C6923431A4313
:10227800C2604B68026B22F00F0213430363002015
:102288005DF8044B7047C368064A1A400B68CC686F
:1022980023430C6923434C6923431A43C260E8E78C
:1022A800012070471CC0F0FF4A68836813F0010FD3
:1022B8001ED110B4AAB1C36823F004738A68CC682D
:1022C80022431343C360C36C23F4FF7323F0010359
:1022D8000A6849680A431343C36400205DF8044B45
:1022E8007047C36823F00473CA681343C360EAE7FE
:1022F80001207047104B1B680BB90120704710B5BF
:1023080004464FF47A70B0FBF3F30C4A1068B0FB44
:10231800F3F001F07DFB68B90F2C01D901200AE028
:10232800002221464FF0FF3001F05EFB044B1C6099
:10233800002000E0012010BD00000020280000203F
:102348000400002010B5032001F03CFB0620FFF735
:10235800D1FF10B10124204610BD0446FFF70EFE40
:10236800F9E70000034A1368034909680B4413603E
:10237800704700BF1C07002000000020014B1868B0
:10238800704700BF1C07002038B50446FFF7F6FF6A
:102398000546B4F1FF3F02D0044B1B681C44FFF70D
:1023A800EDFF401BA042FAD338BD00BF000000205B
:1023B800124BDA6802F00302DB68C3F3031301333C
:1023C800032A11D00E48B0FBF3F00C4BDB68C3F3C3
:1023D800062303FB00F0094BDB68C3F341630133B9
:1023E8005B00B0FBF3F070470548B0FBF3F0034B1C
:1023F800DB68C3F3062303FB00F0ECE700100240A0
:102408000024F400002800F0548270B582B004461D
:10241800036813F0010F37D0A44A936803F00C0344
:10242800D26802F003020C2B23D0082B23D0636858
:10243800B3F5803F4ED0B3F5A02F51D09B4B1A680F
:1024480022F480321A601A6822F480221A606368C3
:10245800002B52D0FFF792FF0546944B1B6813F4EC
:10246800003F11D1FFF78AFF401B6428F5D90320EC
:1024780028E2032AD9D18D4B1B6813F4003F03D0FF
:102488006368002B00F01782236813F0020F5DD0F9
:10249800864A936803F00C03D26802F003020C2BFF
:1024A8003AD0042B3AD0E368002B75D07F4A1368E2
:1024B80043F480731360FFF761FF05467B4B1B688D
:1024C80013F4806F5FD1FFF759FF401B0228F5D93D
:1024D8000320F7E1754A136843F480331360B6E7C5
:1024E80003F18043A3F53C331A6842F480221A6052
:1024F8001A6842F480321A60A9E7FFF73FFF0546E1
:102508006A4B1B6813F4003FBED0FFF737FF401B30
:102518006428F5D90320D5E1022AC2D1634B1B6890
:1025280013F4806F03D0E368002B00F0C6815F4A84
:10253800536823F0FE43216943EA016353605C4B0F
:102548001868FFF7D7FE002840F0B981236813F018
:10255800080F4CD063699BB3544AD2F8943043F0C7
:102568000103C2F89430FFF709FF05464F4BD3F833
:10257800943013F0020F3AD1FFF700FF401B0228F6
:10258800F4D903209EE1494A536823F0FE432169A8
:1025980043EA01635360D9E7444A136823F480731C
:1025A8001360FFF7EBFE0546404B1B6813F4806F82
:1025B800CCD0FFF7E3FE401B0228F5D9032081E1C8
:1025C8003A4AD2F8943023F00103C2F89430FFF766
:1025D800D5FE0546354BD3F8943013F0020F06D0DC
:1025E800FFF7CCFE401B0228F4D903206AE12368D8
:1025F80013F0040F00F081802C4B9B6D13F0805F6B
:1026080036D12A4B9A6D42F080529A659B6D03F041
:1026180080530193019B0125264B1B6813F4807F8F
:1026280028D0A368012B39D0052B45D01F4BD3F8F0
:10263800902022F00102C3F89020D3F8902022F0D5
:102648000402C3F89020A368002B43D0FFF796FE3E
:102658000646164BD3F8903013F0020F4CD1FFF713
:102668008DFE801B41F288339842F2D9032029E17C
:102678000025D1E70F4A136843F480731360FFF70E
:102688007DFE06460B4B1B6813F4807FC9D1FFF70C
:1026980075FE801B0228F5D9032013E1034AD2F8FE
:1026A800903043F00103C2F89030CCE700100240AC
:1026B80004000020007000408A4BD3F8902042F0BC
:1026C8000402C3F89020D3F8902042F00102C3F826
:1026D8009020B8E7FFF752FE0646824BD3F89030B9
:1026E80013F0020F08D0FFF749FE801B41F2883330
:1026F8009842F2D90320E5E0E5B9236813F0200FEA
:1027080035D0A369E3B1774AD2F8983043F0010392
:10271800C2F89830FFF732FE0546724BD3F898306E
:1027280013F0020F23D1FFF729FE401B0228F4D92A
:102738000320C7E06B4A936D23F080539365DCE771
:10274800684AD2F8983023F00103C2F89830FFF7AE
:1027580015FE0546634BD3F8983013F0020F06D0E8
:10276800FFF70CFE401B0228F4D90320AAE0E36916
:10277800002B00F0A6805B4A926802F00C020C2A3B
:1027880069D0022B1DD0574B1A6822F080721A604C
:10279800DA6822F00302DA60DA6822F0887222F43A
:1027A8008032DA60FFF7EAFD04464E4B1B6813F0EF
:1027B800007F4ED0FFF7E2FD001B0228F5D9032069
:1027C80080E0484A136823F080731360FFF7D6FD52
:1027D8000546444B1B6813F0007F06D0FFF7CEFD7B
:1027E800401B0228F5D903206CE03E4AD3683E49D5
:1027F8001940236A606A013843EA0013A06A43EA71
:102808000023206B4008013843EA4053606B4008BE
:10281800013843EA4063E06A43EAC0631943D16080
:10282800136843F080731360D36843F08073D360F8
:10283800FFF7A4FD04462B4B1B6813F0007F06D15D
:10284800FFF79CFD001B0228F5D903203AE0002081
:1028580038E0002036E0012B36D0224BDB6803F04D
:102868000301226A914231D103F0F002616A013911
:10287800B2EB011F2CD103F4FE42A16AB2EB012F87
:1028880028D103F07842E16AB2EBC16F24D103F496
:10289800C001226B5208013AB1EB425F1ED103F02E
:1028A800C063626B5208013AB3EB426F18D1002043
:1028B80008E001207047012004E0012002E0012027
:1028C80000E0002002B070BD0120FBE70120F9E71D
:1028D8000120F7E70120F5E70120F3E70120F1E700
:1028E8000120EFE7001002400C809F011E4B9B68FF
:1028F80003F00C03042B33D01B4B9B6803F00C0331
:10290800082B2FD0184B9B6803F00C030C2B01D01D
:1029180000207047144BDA6802F00302DB68C3F347
:1029280003130133032A11D01048B0FBF3F00E4B08
:10293800DB68C3F3062303FB00F00B4BDB68C3F330
:10294800416301335B00B0FBF3F070470748B0FB0D
:10295800F3F0054BDB68C3F3062303FB00F0ECE759
:102968000248704701487047001002400024F400F4
:10297800002800F0E680F8B50C460546744B1B6845
:1029880003F00F038B420BD2714A136823F00F0335
:102998000B431360136803F00F038B4240F0D3809E
:1029A8002E6816F001065FD06B68032B2FD0022B20
:1029B8004DD0684B1B6813F4806F00F0C680FFF79A
:1029C80095FF654B98424DD9624A936823F0F0030E
:1029D80043F08003936080265E4A936823F00303E4
:1029E80069680B439360FFF7C9FC0746594B9B681E
:1029F80003F00C036A68B3EB820F35D0FFF7BEFC17
:102A0800C01B41F288339842F0D9032078E0514B3B
:102A18001B6813F0007F01D1012071E0FFF7C8FCAB
:102A28004D4B98421AD94B4B9B6813F0F00F05D0C9
:102A38002E6816F00206CFD0AB688BB9454A93686A
:102A480023F0F00343F0800393608026C4E7414BF2
:102A58001B6813F4003FB2D1012051E00026BBE708
:102A68000026B9E70026B7E72B6813F0020F48D015
:102A780013F0040F04D0374A936843F4E06393607B
:102A88002B6813F0080F06D0324A936823F47C535E
:102A980043F4E06393602F4A936823F0F003A96836
:102AA8000B4393602A4B1B6803F00F03A34230D8F3
:102AB8002B6813F0040F06D0264A936823F4E063CA
:102AC800E9680B4393602B6813F0080F07D0214A7D
:102AD800936823F46053296943EAC1039360FFF7BD
:102AE80005FF1C4B9B68C3F303131C4AD35C03F01C
:102AF8001F03D8401A4B18601A4B1868FFF7FAFBE7
:102B0800F8BD802ECED1134A936823F0F00393606A
:102B1800C8E70F4A136823F00F0323431360FFF736
:102B28002DFC06460A4B1B6803F00F03A342BFD0D7
:102B3800FFF724FC801B41F288339842F2D9032026
:102B4800DEE7012070470120DAE70120D8E700BF5F
:102B5800002002400010024000B4C404C4B60008BB
:102B68002800002004000020014B1868704700BFAF
:102B78002800002008B5FFF7F7FF054B9B68C3F353
:102B88000223044AD35C03F01F03D84008BD00BFEA
:102B980000100240BCB6000808B5FFF7E5FF054B7A
:102BA8009B68C3F3C223044AD35C03F01F03D840D5
:102BB80008BD00BF00100240BCB60008F0B583B0E5
:102BC8000446036813F4002F6ED0354B9B6D13F049
:102BD800805F1ED1324B9A6D42F080529A659B6D90
:102BE80003F080530193019B01262E4A136843F496
:102BF80080731360FFF7C2FB05462A4B1B6813F46A
:102C0800807F08D1FFF7BAFB401B0228F5D90325BE
:102C180002E00026E9E7002545BB214BD3F89030B8
:102C280013F4407315D0226D9A4212D01C4AD2F880
:102C3800903023F44073D2F8901041F48031C2F8F8
:102C48009010D2F8901021F48031C2F89010C2F898
:102C5800903013F0010F10D145B9114AD2F89030D5
:102C680023F44073216D0B43C2F89030EEB10C4A47
:102C7800936D23F08053936517E0FFF77FFB0746BA
:102C8800074BD3F8903013F0020FE5D1FFF776FB2E
:102C9800C01B41F288339842F2D90325DCE700BF14
:102CA80000100240007000400025236813F0010F57
:102CB80008D09F4AD2F8883023F0030361680B4399
:102CC800C2F88830236813F0020F08D0984AD2F867
:102CD800883023F00C03A1680B43C2F888302368BE
:102CE80013F0040F08D0924AD2F8883023F030034A
:102CF800E1680B43C2F88830236813F0080F08D046
:102D08008B4AD2F8883023F0C00321690B43C2F8FC
:102D18008830236813F0100F08D0854AD2F888301D
:102D280023F4407361690B43C2F88830236813F0B9
:102D3800200F08D07E4AD2F8883023F44063A16976
:102D48000B43C2F88830236813F0400F08D0784A44
:102D5800D2F8883023F44053E1690B43C2F8883035
:102D6800236813F0800F08D0714AD2F8883023F412
:102D78004043216A0B43C2F88830236813F4807FEC
:102D880008D06B4AD2F8883023F44033616A0B4389
:102D9800C2F88830236813F4003F08D0644AD2F898
:102DA8009C3023F00303A16A0B43C2F89C302368CC
:102DB80013F4007F08D05E4AD2F8883023F4402309
:102DC800E16A0B43C2F88830236813F4806F0CD093
:102DD800574AD2F8883023F44013216B0B43C2F8CA
:102DE8008830236BB3F5801F79D0236813F4006F04
:102DF8000CD04F4AD2F8883023F44003616B0B4360
:102E0800C2F88830636BB3F5800F6DD0236813F474
:102E1800805F0CD0464AD2F8883023F04073A16B0B
:102E28000B43C2F88830A36BB3F1807F61D023686D
:102E380013F4005F0CD03E4AD2F8883023F0406388
:102E4800E16B0B43C2F88830E36BB3F1006F55D0E8
:102E5800236813F4804F0CD0354AD2F8883023F019
:102E68004063216C0B43C2F88830236CB3F1006FC8
:102E780049D0236813F4004F0CD02D4AD2F888307B
:102E880023F04053616C0B43C2F88830636CB3F194
:102E9800805F3DD0236813F4803F0CD0244AD2F8D9
:102EA800883023F04043A16C0B43C2F88830A36CF0
:102EB800B3F1804F31D0236813F4802F0CD01C4A13
:102EC800D2F89C3023F44013E16C0B43C2F89C30D9
:102ED800E36CB3F5001F25D0284603B0F0BDD368D6
:102EE80043F48013D36080E7D36843F48013D3603E
:102EF8008CE7D36843F48013D36098E7D36843F42E
:102F08008013D360A4E7D36843F48013D360B0E799
:102F1800D36843F48033D360BCE7D36843F4803389
:102F2800D360C8E7D36843F48013D360D4E700BF05
:102F38000010024010B4064C616941F00101616162
:102F48000260BFF36F8F43605DF8044B704700BFAA
:102F580000200240094A536943F480235361EFF388
:102F6800108C72B6402351F8042B40F8042B013B17
:102F780013F0FF03F7D18CF310887047002002404C
:102F8800094B5B69002B01DB00207047064B074AA1
:102F98009A6002F188329A605B69002B01DB00209D
:102FA80070470120704700BF002002402301674599
:102FB800054B5A6942F000425A615B69002B01DBFC
:102FC80001207047002070470020024038B50546B0
:102FD800FFF7D4F90446134B1B6913F4803F06D05E
:102FE800FFF7CCF9001BA842F5D9032038BD0D4BDB
:102FF8001B694CF2FA32134009D10A4B1B6913F0D2
:10300800010F0CD0074B01221A610020EEE7064998
:103018004A681A434A60034A13610120E6E7002020
:10302800E4E700BF0020024008000020F8B516467B
:103038001B4A1278012A31D004460D461F46184B08
:1030480001221A704FF47A70FFF7C0FF80B9144B51
:1030580058608CB1631E012B15D900244FF47A7087
:10306800FFF7B4FF24B10F4A536923EA04035361FD
:103078000B4B00221A70F8BD32463B462846FFF734
:1030880059FF0124EAE731462846FFF763FF022C7F
:1030980001D00024E2E74FF48024DFE70220EAE7CA
:1030A8000800002000200240114B1B6A13F4800F17
:1030B80010D010F0010F04D00D4A536943F00403F7
:1030C800536110F0020F0CD0094A536943F40043CE
:1030D800536106E0064A536943F4004343F004038E
:1030E8005361034A536943F480335361704700BF07
:1030F80000200240154B1B6A13F4800F16D1134AA7
:10310800536923F400635361104B5A6922F47E72A9
:10311800C00000F4FF6002435A615A6942F002029B
:103128005A615A6942F480325A61704711F0010FAE
:1031380005D0064A536923F400635361E4E7034A60
:10314800536943F400635361DEE700BF0020024087
:10315800164B1B7FDBB2012B01D0032B10D1144A75
:10316800116821F400711160116841F40061116067
:10317800116821F400611160116841F40071116057
:10318800023BDBB2012B03D9084B00221A777047A8
:10319800074B1A6842F480521A601A6822F4805267
:1031A8001A601A6842F480621A60EDE7080000208D
:1031B80000200240F8B53A4B1B78012B6DD004462D
:1031C8000E46374B01221A704FF47A70FFF7FEFE55
:1031D800074600285CD1324B00225A60314B1B68ED
:1031E80013F4007F2FD02F4B1B6813F4806F26D069
:1031F8002C4A136823F480631360294B03221A773F
:103208002368012B31D04FF0FF333360A568A368E2
:10321800E2681344AB4239D961682846FFF76AFF70
:103228004FF47A70FFF7D2FE1E4A536923F47E7377
:1032380023F002035361074638BB0135E7E7184B13
:1032480001221A77DCE7174B1B6813F4806F08D04C
:10325800144A136823F480631360114B02221A770F
:10326800CEE70F4B00221A77CAE76068FFF71CFF0A
:103278004FF47A70FFF7AAFE07460A4A536923F407
:10328800004323F00403536100E03560FFF760FF5B
:10329800034B00221A703846F8BD0227FBE700BF2F
:1032A8000800002000200240F0B583B0002362E04F
:1032B80085685E000324B44025EA0405CC68B44060
:1032C8002C438460456825EA0C054C68C4F3001457
:1032D8009C402C4344605FE0DD08083550F82540E9
:1032E80003F0070C4FEA8C0C4FF00F0E0EFA0CFE91
:1032F80024EA0E0E0C6904FA0CF444EA0E0440F8B1
:10330800254060E0052400E0002404FA0EF42C4374
:103318000CF1020C554D45F82C40554CA568D4438A
:1033280025EA02064F6817F4801F01D042EA050615
:103338004F4DAE60ED6804EA05064F6817F4001FAC
:1033480001D042EA05064A4DEE606D6804EA0506BA
:103358004F6817F4003F01D042EA0506444D6E60FD
:103368002D682C404E6816F4803F01D042EA0504CF
:103378003F4A146001330A6832FA03F474D04FF0FC
:10338800010C0CFA03FC1CEA0202F3D04C6804F0AE
:103398000304013C012C8BD94C6804F00304032C72
:1033A8000CD0C4685D004FF0030C0CFA05FC24EA4D
:1033B8000C0C8C68AC4044EA0C04C4604C6804F003
:1033C8000304022C88D004684FEA430E4FF0030C24
:1033D8000CFA0EFC24EA0C0C4C6804F0030404FA02
:1033E8000EF444EA0C0404604C6814F4403FC1D065
:1033F800204C256E45F001052566246E04F0010475
:103408000194019C4FEA930C0CF10205174C54F8F7
:10341800255003F0030E4FEA8E0E0F2404FA0EF423
:1034280025EA0405B0F1904F3FF46EAF124CA0426C
:1034380012D004F58064A04210D004F58064A04244
:103448000ED004F58064A0420CD004F58064A0423C
:103458003FF458AF062458E7012456E7022454E7FE
:10346800032452E7042450E703B0F0BD00000140F4
:1034780000040140001002400004004830B4C46C4D
:10348800056D6560446D14B1846DC56D6560446CEF
:1034980004F01F0C012404FA0CF4056C6C60046839
:1034A80063608368102B05D0036899600368DA604D
:1034B80030BC704703689A600368D960F8E7000079
:1034C80003680C4A934213D80B49DBB2083B0B4AFA
:1034D800A2FB0323426C22F003020A448264084AD6
:1034E800C264C3F30413012202FA03F303657047AD
:1034F8000449EAE70704024000080240CDCCCCCCDE
:1035080080080240200802400379074A1A449200C2
:103518004265064A8265013B03F01F03012202FA55
:1035280003F3C365704700BF3F82001040090240A3
:1035380000285BD010B5044601682D4B99423DD850
:103548002C4B0B442C4AA2FB03231B099B0043640E
:103558002A4B0364022384F825300A6822F4FF42C8
:1035680022F07002A368E06803432069034360699E
:103578000343A0690343E0690343206A03431343F9
:103588000B602046FFF79CFFA368B3F5804F20D05F
:10359800A36C22791A60E36C226D5A606368013B60
:1035A800032B19D900236365A365E3650020E06355
:1035B800012384F8253084F8240010BD104B0B44F7
:1035C8000D4AA2FB03231B099B0043640D4B0364B4
:1035D800C0E700236360DBE72046FFF795FF636DD4
:1035E80000221A60A36DE26D5A60DFE70120704780
:1035F80007040240F8FFFDBFCDCCCCCC0000024050
:10360800F8FBFDBF0004024070B5044690F82400A2
:10361800012820D0012084F8240094F82500C0B2A5
:10362800012804D0002384F82430022070BD022031
:1036380084F825000025E5632668306820F001003D
:1036480030602046FFF71AFF2268136843F0010331
:1036580013602846EAE70220E8E738B5044690F800
:103668002400012841D0012084F8240094F8250082
:10367800C0B2012804D0002384F82430022038BDC9
:10368800022084F825000020E0632568286820F0DF
:10369800010028602046FFF7F1FE236BD3B12268B2
:1036A800136843F00E031360A36C1A6812F4803F8A
:1036B80003D01A6842F480721A60636D1BB11A68ED
:1036C80042F480721A602268136843F001031360A1
:1036D8000020D4E72268136823F0040313602268EB
:1036E800136843F00A031360DEE70220C7E70346C6
:1036F80090F82520D2B2022A09D00422C263012000
:10370800012283F82520002283F8242070470168CD
:103718000A6822F00E020A60816C0A6822F480723C
:103728000A6001680A6822F001020A60426C02F02D
:103738001F01006C01228A404260DA6C196D5160E9
:103748005A6D42B1116821F4807111609A6DD96D7A
:1037580051600020D4E70020D2E738B5036C19681F
:1037680004682568436C03F01F0304229A400A4248
:1037780015D015F0040F12D0236813F0200F03D1D1
:10378800236823F004032360436C03F01F02016CD9
:10379800042393404B60036B03B1984738BD022262
:1037A8009A400A421CD015F0020F19D0236813F072
:1037B800200F06D1236823F00A032360012380F831
:1037C8002530436C03F01F02016C022393404B60C9
:1037D800002380F82430C36A002BDFD09847DDE748
:1037E800082202FA03F30B42D8D015F0080FD5D0FF
:1037F800236823F00E032360436C03F01F03016C5E
:10380800012202FA03F34B60C26380F825200023EB
:1038180080F82430436B002BC0D09847BEE7C06BBC
:1038280070470000002836D13E4B1B6803F4C06384
:10383800B3F5806F08D03B4AD2F8803023F4807308
:10384800C2F8803000207047364AD2F8803023F41E
:103858008073C2F88030136823F4C06343F40073A4
:103868001360314B1B68322202FB03F32F4AA2FB81
:1038780003239B0C013300E0013B2A4A526912F4EE
:10388800806F01D0002BF7D1264B5B6913F4806F52
:1038980044D100207047B0F5007F08D0214A136852
:1038A80023F4C06343F480631360002070471D4B0A
:1038B8001B6803F4C063B3F5806F08D0194AD2F8C7
:1038C800803043F48073C2F8803000207047154A76
:1038D800D2F8803043F48073C2F88030136823F440
:1038E800C06343F4007313600F4B1B68322202FB62
:1038F80003F30E4AA2FB03239B0C013300E0013BB8
:10390800084A526912F4806F01D0002BF7D1054B99
:103918005B6913F4806F03D1002070470320704760
:1039280003207047007000402800002083DE1B43FE
:10393800024A936843F480439360704700700040E4
:10394800002807DB00F01F02400901239340024AC8
:1039580042F82030704700BF00E100E0002808DB93
:103968000901C9B200F1604000F5614080F8001318
:10397800704700F00F000901C9B2014B1954704794
:1039880014ED00E000B500F00700C0F1070CBCF131
:10399800040F28BF4FF0040C031D062B0FD9C31EBC
:1039A8004FF0FF3E0EFA0CF021EA000199400EFAA2
:1039B80003FE22EA0E0241EA02005DF804FB00233E
:1039C800EEE70000074AD36823F4E0631B041B0CEE
:1039D800000200F4E060034343F0BF6343F40033A4
:1039E800D360704700ED00E010B50446054BD86879
:1039F800C0F30220FFF7C6FF01462046FFF7AEFFDF
:103A080010BD00BF00ED00E008B5FFF799FF08BD45
:103A18000138B0F1807F0BD24FF0E0235861054A9E
:103A2800F02182F823100020986107221A6170475C
:103A38000120704700ED00E030B583B0002301930A
:103A4800002800F03181044603681B68002BC0F28F
:103A58002E81437F23B32168086800F40000A3681F
:103A68006268134362691343E2681343226913438C
:103A78000D68914A2A401A430A602268136813F4B1
:103A8800000F18D0B8B98D4B1B689B098C49A1FB56
:103A980003139B09013303EB83039B00019307E0A6
:103AA80003770362FDF7C4FBD5E7019B013B019354
:103AB800019B002BF9D1834B9A4212D004339A42CE
:103AC80024D004339A4224D004339A4224D00433B5
:103AD8009A4224D004339A4201D0022303E00123FE
:103AE80001E04FF40013A16911F0030F00F0B28058
:103AF80011F0100F2AD074498A4213D004318A4237
:103B080010D072498A681A438A600FE04FF4800324
:103B1800E9E74FF00053E6E74FF08043E3E74FF063
:103B28000043E0E769498A6A1A438A62A26912F087
:103B3800200F2BD0226864498A4219D004318A4266
:103B480016D06249CA681A43CA6015E05E498A42BB
:103B580008D004318A4205D05C498A6822EA030207
:103B68008A60E3E759498A6A22EA03028A62DDE742
:103B78005649CA6A1A43CA62226853498A4218D007
:103B880004318A4215D0514A536114E022684E49E3
:103B98008A4208D004318A4205D04C49CA6822EAD0
:103BA8000302CA60E8E74949CA6A22EA0302CA620C
:103BB800E2E7464A5363A26912F0020F1FD0226857
:103BC80041498A4207D004318A4204D03F494A68B1
:103BD8001A434A6003E03D494A6A1A434A62A269A5
:103BE80012F0010F23D0226837498A421AD00431D3
:103BF8008A4217D035490A6813430B604DE02268A2
:103C080031498A4208D004318A4205D02F494A688E
:103C180022EA03024A60E2E72C494A6A22EA0302DE
:103C28004A62DCE729490A6A13430B6235E02268D5
:103C380025498A4208D004318A4205D023490A68B6
:103C480022EA03030B6028E020490A6A22EA0303F8
:103C58000B6222E01C498A4208D004318A4205D00E
:103C68001A494A6822EA03024A6004E017494A6A84
:103C780022EA03024A62226813498A4208D00431C0
:103C88008A4205D011490A6822EA03030B6004E05E
:103C98000E490A6A22EA03030B62637F03F0FF00FE
:103CA8003BB90123637700E0012003B030BD012058
:103CB800FBE70020F9E700BF0F7E00FF2800002087
:103CC800632D3E050002014014020140000401403A
:103CD80008B50368204A934212D0043293421ED09A
:103CE800043293421ED0043293421ED004329342CF
:103CF8001ED00432934201D0022203E0012201E0E7
:103D08004FF4001215498B4215D004318B4212D062
:103D1800134B5B6932EA030319D1012311E04FF415
:103D28008002EFE74FF00052ECE74FF08042E9E7FE
:103D38004FF00042E6E70A4B5B6B32EA030306D119
:103D48000223022B04D0064B5A61FCF7A5FA08BDE2
:103D5800034B5A63F9E700BF000201401402014017
:103D68000004014070B110B50446037933B1022351
:103D78002371002020610123237110BD4371FDF7D9
:103D8800F9FBF4E7012070474379012B00F0EC8040
:103D98002DE9F04104460E461546012343710223DE
:103DA80003718B68042B16D0F369012B5DD023684F
:103DB800DF6B05F010050723AB4027EA0307B3695B
:103DC800012B5FD0022B00F0B7807369002B40F005
:103DD800B580012157E0FEF7D1FA07467DB1236887
:103DE8005B6B002B3ADAFEF7C9FAC01B0128F6D93B
:103DF800236943F008032361032020719AE02368B4
:103E08005B6B13F4004F0BD0FEF7B8FAC01B012808
:103E1800F5D9236943F0080323610320207189E061
:103E28000120FEF7B1FA2368726A1A642068836C6D
:103E380005F0100240F2FF31914023EA0103B16A14
:103E480091400B4383642068C36CFF21914023EAAF
:103E58000103F16A91400B43C364A5E70120FEF713
:103E680093FA2368726A5A64E0E721688A6B05F05E
:103E780010001F23834022EA0302336A834013435E
:103E88008B6394E70021B368726913430B434FF4C3
:103E98008072AA4027EA02073279012A50D000220C
:103EA8001A434FF40073AB4027EA03077379012BD9
:103EB80049D04FF0000848EA020827F44047336821
:103EC800022B43D01F4308FA05F848EA070722687F
:103ED800D76321680B684FF48042AA4023EA0203A3
:103EE8000B6021680A6840F6FE73AB4022EA0302C1
:103EF800F368AB4013430B6021680B68C022AA40EB
:103F080023EA02030B60F368C3F3830233699B0857
:103F18001B0203F4706313432068026E40F60F71AE
:103F2800A94022EA0102AB4013430366012323712F
:103F380000206071BDE8F0810121A4E70021A2E71B
:103F48004FF48072ACE74FF40078B4E7FEF70CFE4C
:103F5800064B984202D947F40047B4E7044B98420D
:103F6800B1D947F48047AEE7022070470068890955
:103F780000B4C40410B402681D4B9A4228D01D49ED
:103F88001D4B9A4226D00164D2F8803023F4F813EE
:103F9800446B43EA0443C2F8803001F17003436480
:103FA8000268D2F8803023F07063846B43EA0463BC
:103FB800C2F8803001F1B003836401F5C473C364AF
:103FC80001F51873036501F51E7343650B4607E099
:103FD8000A49D5E701F5D461D5E7002243F8042B57
:103FE80001F554729A42F8D85DF8044B704700BF47
:103FF8000068004000A40040006C004050A700404A
:10400800002800F0E38038B5044690F85C30D3B15E
:104018002268936923F010039361FEF7AFF9054610
:1040280023689A6912F0080F12D0FEF7A7F9401B0F
:104038000A28F5D9236E43F001032366032384F885
:104048005C30012038BD80F85D30FDF75FFBDFE7AD
:104058009A6942F001029A61FEF790F905462368D1
:104068009A6912F0010F0DD1FEF788F9401B0A2852
:10407800F5D9236E43F001032366032384F85C30EB
:104088000120DFE79A6942F002029A612268504BE8
:104098009A4242D0237C012B45D02268936943F091
:1040A80040039361637C012B43D02268936923F416
:1040B80080439361A37C012B41D02268936943F428
:1040C800805393612268936923F44073A1680B437A
:1040D80093612268936923F0A403936122681369AA
:1040E80023F010031361E368012B2ED0002B31D08D
:1040F800022B54D02268936943F0800393612268AD
:10410800136943F010031361E368032B22D122687B
:10411800936943F0200393611CE06268A3F5806310
:10412800C3F80025B6E72268936923F0400393613A
:10413800B8E72268936943F480439361BAE7226839
:10414800936923F480539361BCE72268936943F031
:1041580004039361A3695A1EE369013B1B0243EA06
:104168004263226A013A13436269013A216843EAC9
:104178000243CB61A368B3F5407F16D02268D2F81A
:10418800C030E16B0B43C2F8C0302046FFF7F2FEA7
:104198000020A0652066012384F85C3052E722687D
:1041A800936943F020039361D4E7A36A013BE26A71
:1041B800013A43EA0223226B013A43EA0213626A94
:1041C800013A216843EA0243CB60D7E701207047F0
:1041D8000064004090F85C30013BDBB2012B05D94C
:1041E800036E43F002030366012070470B68A3B116
:1041F80010B4CA680B6943EA42724B698C6843EA97
:104208008473406C496800EBC10C40F83120CCF84D
:10421800043000205DF8044B70478A68CB68DB06E1
:1042280043EA82730A6943EA02434A691343026C08
:10423800496842F821300020704790F85CC05FFA66
:104248008CFCBCF1010F05D0036E43F00403036638
:104258000120704710B40468D4F8800020F03F00B3
:10426800920042EA011242EA4303019A1A430243C6
:10427800C4F8802000205DF8044B704790F85C304B
:10428800DBB2012B05D0036E43F004030366012063
:104298007047022380F85C300268936923F00103B9
:1042A8009361002303661846704790F85C30013B21
:1042B800DBB2012B05D9036E43F00203036601202C
:1042C800704770B40468A36D11F0070602D013F0AC
:1042D800010F23D011F0380F02D013F0020F1DD0B8
:1042E80011F4E07F02D013F0040F17D011F4F05F3F
:1042F80002D013F0080F11D011F4604F02D013F060
:10430800100F0BD011F4403F02D013F0200F05D04E
:1043180011F47C0F06D013F0400F03D1E56D45F082
:104328000105E56516B113F0010F23D111F0380F1F
:1043380002D013F0020F1DD111F4E07F02D013F068
:10434800040F17D111F4F05F02D013F0080F11D148
:1043580011F4604F02D013F0100F0BD111F4403F4D
:1043680002D013F0200F05D111F47C0F07D013F001
:10437800400F04D00468E36D43F00203E36511F0D5
:10438800800F05D00468D4F8DC301343C4F8DC305F
:1043980011F4807F05D00468D4F8E0301343C4F8E2
:1043A800E0300268536D0B435365002070BC7047C2
:1043B800002859D010B5044690F84130002B43D05E
:1043C800242384F841302268136823F00103136022
:1043D8006368226823F0706313612268936823F48A
:1043E80000439360E368012B33D0A368226843F449
:1043F80004439360E368022B31D02268536843F08A
:10440800007343F4004353602268D36823F40043E5
:10441800D360236962691343A169226843EA0123CF
:10442800D360E369216A22680B431360226813682A
:1044380043F00103136000206064202384F84130B6
:10444800206384F8420010BD80F84030FDF71CFA64
:10445800B6E7A368226843F400439360CAE7236879
:104468004FF400625A60C8E701207047034690F88D
:104478004120D2B2202A23D190F84020012A21D00D
:10448800012280F84020242280F841200068026838
:1044980022F0010202601868026822F48052026069
:1044A800186802681143016019680A6842F001023D
:1044B8000A60202283F84120002083F840007047DA
:1044C8000220704702207047034690F84120D2B27C
:1044D800202A21D190F84020012A1FD0012280F8FB
:1044E8004020242280F841200068026822F001025E
:1044F80002601868026822F4706242EA01220260CF
:1045080019680A6842F001020A60202283F84120F3
:10451800002083F84000704702207047022070474F
:1045280030B4036A23F001030362026A44688369B2
:1045380023F4803323F073030D681D4322F0020235
:104548008B681343204A904213D002F500629042D0
:104558000FD002F5406290420BD002F58062904283
:1045680007D002F58062904203D002F500629042C3
:1045780005D123F00803CA681A4322F00403124A3B
:10458800904213D002F5006290420FD002F54062CB
:1045980090420BD002F58062904207D002F580620B
:1045A800904203D002F50062904205D124F4407491
:1045B8004A6922438C691443446085614A684263AE
:1045C800036230BC704700BF002C014030B4036A5E
:1045D80023F480730362036A4468C26922F4803258
:1045E80022F073020D68154323F400738A6843EAC6
:1045F80002231C4A904207D002F50062904203D081
:1046080002F5E052904206D123F40063CA6843EAF7
:10461800022323F48063134A904213D002F5006208
:1046280090420FD002F5406290420BD002F58062B2
:10463800904207D002F58062904203D002F50062F2
:10464800904207D124F440524C6942EA04128C6922
:1046580042EA04144460C5614A68C263036230BC1C
:10466800704700BF002C014030B4036A23F4805324
:104678000362036A4468C26922F0807222F4E64247
:104688000D6842EA052223F400538D6843EA053396
:104698001B4DA84207D005F50065A84203D005F5D3
:1046A800E055A84206D123F40043CD6843EA053318
:1046B80023F48043124DA84213D005F50065A842A3
:1046C8000FD005F54065A8420BD005F58065A842D6
:1046D80007D005F58065A84203D005F50065A84216
:1046E80007D124F4404C4C694CEA841C8C694CEA90
:1046F80084144460C2614A680264036230BC704733
:10470800002C014030B4036A23F480330362036A47
:104718004468026D22F4803222F070020D6815435D
:1047280023F400338A6843EA0243114A904213D0C3
:1047380002F5006290420FD002F5406290420BD021
:1047480002F58062904207D002F58062904203D061
:1047580002F50062904204D124F480344A6944EAA4
:104768000224446005654A688264036230BC70476D
:10477800002C014030B4036A23F480130362036AF7
:104788004468026D22F0807222F4E0420D6842EA29
:10479800052223F400138D6843EA0553114DA842FE
:1047A80013D005F50065A8420FD005F54065A8426D
:1047B8000BD005F58065A84207D005F58065A842AD
:1047C80003D005F50065A84204D124F480244D697E
:1047D80044EA8524446002654A68C264036230BCC6
:1047E800704700BF002C014010B4036A046A24F02B
:1047F80001040462846924F0F00C4CEA021223F0EC
:104808000A030B43826103625DF8044B704710B4DE
:10481800036A23F0100303628469036A24F4704C6A
:104828004CEA023223F0A00343EA011382610362D7
:104838005DF8044B7047836823F4401323F070033A
:104848000B4343F0070383607047704770470000CD
:104858000368364A904216D0B0F1804F13D0A2F5C3
:10486800943290420FD002F5806290420BD002F54C
:104878008062904207D002F59432904203D002F54C
:10488800E052904203D123F070034A681343274A49
:10489800904222D0B0F1804F1FD0A2F594329042BE
:1048A8001BD002F58062904217D002F580629042D8
:1048B80013D002F5943290420FD002F54062904234
:1048C8000BD002F58062904207D002F580629042D8
:1048D80003D002F50062904203D123F44073CA6802
:1048E800134323F080034A69134303608B68C36250
:1048F8000B6883620D4B984213D003F5006398420E
:104908000FD003F5406398420BD003F580639842BB
:1049180007D003F58063984203D003F500639842FB
:1049280001D10B690363012343617047002C0140E7
:1049380060B310B5044690F83D3013B3022384F8F1
:104948003D30214651F8040BFFF782FF012384F81C
:10495800483084F83E3084F83F3084F8403084F89A
:10496800413084F8423084F8433084F8443084F885
:10497800453084F8463084F8473084F83D300020CC
:1049880010BD80F83C30FDF733F8D7E701207047B9
:1049980060B310B5044690F83D3013B3022384F891
:1049A8003D30214651F8040BFFF752FF012384F8EC
:1049B800483084F83E3084F83F3084F8403084F83A
:1049C800413084F8423084F8433084F8443084F825
:1049D800453084F8463084F8473084F83D3000206C
:1049E80010BD80F83C30FFF730FFD7E70120704753
:1049F80060B310B5044690F83D3013B3022384F831
:104A08003D30214651F8040BFFF722FF012384F8BB
:104A1800483084F83E3084F83F3084F8403084F8D9
:104A2800413084F8423084F8433084F8443084F8C4
:104A3800453084F8463084F8473084F83D3000200B
:104A480010BD80F83C30FFF701FFD7E70120704721
:104A580030B4036A23F010030362036A446882696E
:104A680022F0807222F4E6420D6842EA052223F021
:104A780020038D6843EA05131B4DA84207D005F5AE
:104A88000065A84203D005F5E055A84206D123F0F9
:104A98008003CD6843EA051323F04003124DA84272
:104AA80013D005F50065A8420FD005F54065A8426A
:104AB8000BD005F58065A84207D005F58065A842AA
:104AC80003D005F50065A84207D124F4406C4C6971
:104AD8004CEA840C8C694CEA8404446082614A681C
:104AE8008263036230BC7047002C014090F83C3070
:104AF800012B36D010B50446012380F83C30142A27
:104B08002AD8DFE802F00B29292910292929152993
:104B180029291A2929291F29292924000068FFF78A
:104B2800FFFC002019E00068FFF792FF002014E066
:104B38000068FFF74BFD00200FE00068FFF794FDC9
:104B480000200AE00068FFF7DDFD002005E00068AE
:104B5800FFF710FE002000E00120002384F83C301D
:104B680010BD0220704738B590F83C30012B00F09A
:104B7800958004460D46012380F83C30142A00F243
:104B88008880DFE802F00B8686861F868686348654
:104B98008686488686865D86868671000068FFF769
:104BA800BFFC2268936943F0080393612268936904
:104BB80023F0040393612268936929690B43936185
:104BC800002067E00068FFF743FF2268936943F419
:104BD800006393612268936923F480639361226878
:104BE8009369296943EA01239361002052E0006830
:104BF800FFF7ECFC2268D36943F00803D36122680D
:104C0800D36923F00403D3612268D36929690B436C
:104C1800D36100203EE00068FFF726FD2268D369D3
:104C280043F40063D3612268D36923F48063D361BA
:104C38002268D369296943EA0123D361002029E066
:104C48000068FFF75FFD2268136D43F008031365E2
:104C58002268136D23F0040313652268136D296914
:104C68000B431365002015E00068FFF783FD2268F9
:104C7800136D43F4006313652268136D23F4806396
:104C880013652268136D296943EA0123136500201F
:104C980000E00120002384F83C3038BD0220FCE706
:104CA80010B4846824F47F4C42EA03220A4342EA9F
:104CB8000C0282605DF8044B7047000090F83C30AD
:104CC800012B00F09B8010B50446012380F83C308E
:104CD800022380F83D3002689068494B0340936096
:104CE8000B68702B61D031D8502B78D00CD9602B41
:104CF8002AD1CA6849682068FFF789FD60212068C1
:104D0800FFF799FD002038E0402B0AD1CA684968AE
:104D18002068FFF769FD40212068FFF78CFD00201F
:104D28002BE067D8202B07D003D9302B04D00120E3
:104D380023E00BB1102B05D119462068FFF77BFD46
:104D480000201AE0012018E0012016E0B3F5005F0A
:104D580038D00ED92B4A9342EED015D92A4A93421D
:104D6800EAD010329342E7D0203A9342E4D00120AF
:104D780003E0B3F5805F3FD10020012384F83D3084
:104D8800002384F83C3010BD203A9342D4D004D993
:104D98001E4A9342D0D00120EFE7B3F5801FCBD055
:104DA800B3F1101FC8D00120E7E7CB684A688968CB
:104DB8002068FFF775FF2268936843F077039360D4
:104DC8000020DAE7CB684A6889682068FFF768FF3F
:104DD8002268936843F4804393600020CDE7CA6853
:104DE80049682068FFF700FD50212068FFF723FD80
:104DF8000020C2E70120C0E70120BEE7022070477B
:104E08008800CEFF40001000600010003000100045
:104E180001F01F014FF0010C0CFA01FC036A23EAB0
:104E28000C030362036A8A4013430362704700005D
:104E380010B5044610293DD8DFE801F0093C3C3C98
:104E4800203C3C3C273C3C3C2E3C3C3C350090F80C
:104E58003E30DBB2013B18BF0123002B40F09B80A2
:104E6800102900F28680DFE801F02C8484847484A1
:104E78008484788484847C848484800090F83F309F
:104E8800DBB2013B18BF0123E7E790F84030DBB203
:104E9800013B18BF0123E0E790F84130DBB2013B4A
:104EA80018BF0123D9E790F84230DBB2013B18BFA5
:104EB8000123D2E790F84330DBB2013B18BF01234E
:104EC800CBE7022384F83E3001222068FFF7A0FFD9
:104ED8002368344A934213D002F5006293420FD0FC
:104EE80002F5406293420BD002F58062934207D0EC
:104EF80002F58062934203D002F50062934203D127
:104F08005A6C42F400425A642368264A934234D0C9
:104F1800B3F1804F31D0A2F5943293422DD002F5EF
:104F28008062934229D002F58062934225D002F52F
:104F38009432934221D002F5406293421DD002F58B
:104F48008052934219D01A6842F001021A60002078
:104F580022E0022384F83F30B6E7022384F8403089
:104F6800B2E7022384F84130AEE7022384F84230E6
:104F7800AAE7022384F84330A6E799680A4A0A4058
:104F8800062A0AD0B2F5803F09D01A6842F0010219
:104F98001A60002000E0012010BD0020FCE700207E
:104FA800FAE700BF002C01400700010010B50446D5
:104FB80010293DD8DFE801F0093C3C3C203C3C3C52
:104FC800273C3C3C2E3C3C3C350090F83E30DBB264
:104FD800013B18BF0123002B40F0CE80102900F2BE
:104FE8009B80DFE801F02C99999979999999829990
:104FF80099998B999999940090F83F30DBB2013BCD
:1050080018BF0123E7E790F84030DBB2013B18BF37
:105018000123E0E790F84130DBB2013B18BF0123E0
:10502800D9E790F84230DBB2013B18BF0123D2E741
:1050380090F84330DBB2013B18BF0123CBE70223D2
:1050480084F83E302268D36843F00203D36001221B
:105058002068FFF7DDFE23684B4A934213D002F520
:10506800006293420FD002F5406293420BD002F5E2
:105078008062934207D002F58062934203D002F522
:105088000062934203D15A6C42F400425A64236886
:105098003D4A934262D0B3F1804F5FD0A2F594327B
:1050A80093425BD002F58062934257D002F580624A
:1050B800934253D002F5943293424FD002F54062A6
:1050C80093424BD002F58052934247D01A6842F07F
:1050D80001021A60002050E0022384F83F30226861
:1050E800D36843F00403D360B1E7022384F8403067
:1050F8002268D36843F00803D360A8E7022384F842
:1051080041302268D36843F01003D3609FE702233D
:1051180084F84230012030E0022384F843300C291F
:105128002CD801A353F821F04D50000885510008F0
:105138008551000885510008E7500008855100088E
:105148008551000885510008F9500008855100086C
:1051580085510008855100080B51000899680B4AD1
:105168000A40062A0CD0B2F5803F0BD01A6842F0EC
:1051780001021A60002000E0012010BD0120FCE7B8
:105188000020FAE70020F8E7002C014007000100A2
:1051980090F83C20012A4CD030B40346012280F814
:1051A8003C20022280F83D20006842688468224D35
:1051B800A84207D005F50065A84203D005F5E055DB
:1051C800A84203D122F470024D682A4322F00072EB
:1051D80022F070020D682A4342601A68164882421B
:1051E8001AD0B2F1804F17D0A0F59430824213D074
:1051F80000F5806082420FD000F5806082420BD0BB
:1052080000F59430824207D000F54060824203D016
:1052180000F58050824204D124F08004896821433B
:105228009160012283F83D20002083F83C0030BCC7
:1052380070470220704700BF002C014010B504469B
:10524800226852E8003F23F4F07342E80031002955
:10525800F6D1226802F1080353E8003F23F0845393
:1052680023F00103083242E800310029F1D1E36E4E
:10527800012B4DD023689B6813F0800F14D022684F
:1052880002F1080353E8003F23F08003083242E8A4
:1052980000310029F3D1A36F33B100229A63A06FC4
:1052A800FEF725FA00283DD123689B6813F0400FCC
:1052B80013D0226802F1080353E8003F23F04003AB
:1052C800083242E800310029F3D1E36F2BB1002204
:1052D8009A63E06FFEF70BFA70BB0023A4F8563010
:1052E800A4F85E3023680F221A62636EB3F1005F80
:1052F8002CD02268936943F0080393612023C4F8F3
:105308008430C4F888300020E066C4F88C0010BDF2
:10531800226852E8003F23F0100342E800310029D8
:10532800F6D1A7E7A06FFEF77AFA2028BCD11023A0
:10533800C4F88C300320EAE7E06FFEF770FA202803
:10534800CBD11023C4F88C300320E0E7226893699E
:1053580043F010039361CCE770B504460168836895
:105368000269134342691343C26913430868964AA2
:1053780002401A430A602268536823F44053E168E4
:105388000B435360A1692268904B9A4201D0236A6B
:105398001943936823F06E4323F430630B439360FF
:1053A8002268D36A23F00F03616A0B43D362236830
:1053B800874A934210D0874A934221D0864A934223
:1053C80037D0864A93425CD0854A93426BD07F4A55
:1053D80093427DD010223AE002F55842D2F8882054
:1053E80002F00302032A09D8DFE802F00204870664
:1053F80001222CE004222AE0082228E0102226E0DC
:1054080002F5E632D2F8882002F00C020C2A0ED8F7
:10541800DFE802F0070D0D0D090D0D0D750D0D0DD1
:105428000B00002213E0042211E008220FE01022F2
:105438000DE002F5E432D2F8882002F03002202A8A
:105448005FD01AD8002A5ED0102A5ED104225F49A4
:105458008B4276D0E069B0F5004F00F0C980082A89
:1054680000F23481DFE812F0F7001901F50032018B
:105478001C013201320132011F01302A47D10822B2
:10548800E5E702F5E232D2F8882002F0C002802A6D
:105498003FD004D8FAB3402A3FD10422D7E7C02A24
:1054A8003DD10822D3E702F5E032D2F8882002F491
:1054B8004072B2F5007F34D005D8A2B3B2F5807F30
:1054C80033D10422C3E7B2F5407F30D10822BEE7CA
:1054D80002F5C832D2F8882002F44062B2F5006FB3
:1054E80027D005D83AB3B2F5806F26D10422AEE7AB
:1054F800B2F5406F23D10822A9E70222A7E70222CA
:10550800A5E70222A3E70022A1E710229FE71022C5
:105518009DE702229BE7002299E7102297E71022D5
:1055280095E7022293E7002291E710228FE71022E5
:105538008DE702228BE7002289E7102287E71022F5
:1055480085E7082A00F2B280DFE802F008B03BB035
:1055580038B0B0B005004FF4004004E0FDF70AFB96
:10556800002800F0A580626A1E4B33F81220B0FBB9
:10557800F2F3656805EB4501994200F29B80B3EBB5
:10558800053F00F29980002633463146FAF720FE9F
:10559800090241EA106100026B08C0182A46334626
:1055A80041F10001FAF714FEA0F540720E4B9A4241
:1055B80000F284802368D860304665E0FDF796F9EC
:1055C800CEE70A48CFE700BFF369FFCF008000406D
:1055D800003801400044004000480040004C0040B2
:1055E8000050004094B60008FFFC0F000024F400AF
:1055F800082A65D8DFE802F0072705642A6464648E
:105608000B00354803E0FDF7B5FA00285AD0626A66
:10561800324B33F81230B0FBF3F06268530803EBF7
:105628004003B3FBF2F3A3F110014FF6EF7291427E
:105638004AD89AB222F00F02C3F3420313432268F6
:10564800D360002020E0FDF7A7FADEE7FDF74EF96A
:10565800DBE7214803E0FDF78DFA002838D0626ABD
:105668001E4B33F81230B0FBF3F0636800EB5300C5
:10567800B0FBF3F0A0F110024FF6EF739A4229D86D
:10568800236880B2D86000200123A4F86A30A4F807
:10569800683000232367636770BDFDF77DFADCE798
:1056A800FDF724F9D9E74FF40040D8E70120EBE7EC
:1056B8000020E9E70120E7E70120E5E70120E3E72B
:1056C8000120E1E70020DFE70120DDE70120DBE73B
:1056D8000020D9E70120D7E70024F40094B6000899
:1056E800836A13F0010F06D00268536823F400336D
:1056F800C16A0B435360836A13F0020F06D0026835
:10570800536823F48033016B0B435360836A13F0AF
:10571800040F06D00268536823F48023416B0B43BF
:105728005360836A13F0080F06D00268536823F4A5
:105738000043816B0B435360836A13F0100F06D04C
:105748000268936823F48053C16B0B439360836AA8
:1057580013F0200F06D00268936823F40053016CFD
:105768000B439360836A13F0400F0AD002685368B2
:1057780023F48013416C0B435360436CB3F5801FD3
:105788000BD0836A13F0800F06D00268536823F4A5
:105798000023C16C0B43536070470268536823F4BD
:1057A800C003816C0B435360EBE72DE9F8430546D2
:1057B8000F4616469946DDF820802B68DC6937EAE3
:1057C80004040CBF01240024B44257D1B8F1FF3FB0
:1057D800F3D0FCF7D3FDA0EB090040452FD8B8F172
:1057E800000F2CD02B681A6812F0040FE5D0DA6984
:1057F80012F4006FE1D04FF400621A622A6852E88E
:10580800003F23F4D07342E800310029F6D12A681A
:1058180002F1080353E8003F23F00103083242E88D
:1058280000310029F3D12023C5F88430C5F8883029
:10583800C5F88C30002385F8803003201FE02A68E3
:1058480052E8003F23F4D07342E800310029F6D132
:105858002A6802F1080353E8003F23F001030832E5
:1058680042E800310029F3D12023C5F88430C5F877
:105878008830002385F88030032000E00020BDE850
:10588800F88330B583B004460023C0F88C30FCF7A9
:1058980075FD05462268126812F0080F0FD12368BB
:1058A8001B6813F0040F18D12023C4F88430C4F8FF
:1058B80088300020E06684F8800003B030BD6FF0C7
:1058C8007E430093034600224FF400112046FFF761
:1058D8006CFF0028E3D00320EFE76FF07E430093CE
:1058E8002B4600224FF480012046FFF75EFF002878
:1058F800DAD00320E1E778B310B50446D0F8843055
:105908000BB32423C4F884302268136823F00103FE
:1059180013602046FFF720FD012813D0A36ABBB906
:105928002268536823F4904353602268936823F0F5
:105938002A0393602268136843F00103136020462A
:10594800FFF79FFF10BD80F88030FCF7ABF9D8E770
:105958002046FFF7C5FEE3E701207047436E2BB9E9
:105968000123A0F86A30A0F86830704730B40368A3
:105978009A68C2F342629968490F094D6B5CDB0073
:10598800084C615C93FBF1F3A0F86A30AB5CDB0078
:10599800A25C93FBF2F3A0F8683030BC704700BFFC
:1059A800B4B60008ACB6000890F88030012B18D0C7
:1059B800012380F880302423C0F8843003681A68F3
:1059C800196821F00101196022F000520023436692
:1059D80001680A602022C0F8842080F880301846C8
:1059E80070470220704738B590F88030012B1DD0E1
:1059F8000446012380F880302423C0F884300368EB
:105A08001D681A6822F001021A600268936823F080
:105A1800604319439160FFF7A1FF23681D602023AD
:105A2800C4F88430002084F8800038BD0220FCE7E8
:105A380038B590F88030012B1DD00446012380F83A
:105A480080302423C0F8843003681D681A6822F067
:105A580001021A600268936823F060631943916039
:105A6800FFF77CFF23681D602023C4F884300020E2
:105A780084F8800038BD0220FCE70000034AD2F811
:105A8800883043F47003C2F88830704700ED00E0B6
:105A980008B51048104B03604FF48273436000232D
:105AA80083604FF4E062C260036143614FF40072A7
:105AB80082613822C2610362436283620722C26242
:105AC80003630823436300F0D7F900B908BDFAF768
:105AD80009FCFBE7E0070020003C004070B588B0F7
:105AE8000023039304930593069307930268344BAA
:105AF8009A4201D008B070BD044603F5EA339A6DA6
:105B080042F400429A659A6D02F400420092009AAB
:105B1800DA6C42F00402DA64DA6C02F004020192F0
:105B2800019ADA6C42F00202DA64DB6C03F00203D9
:105B38000293029B4FF48053039302250495062693
:105B4800079603A91F48FDF7AFFB18230393049595
:105B5800002505950695079603A91B48FDF7A4FBA4
:105B68001A481B4B03600E2343608560C560802381
:105B7800036145618561C5610562FDF7D9FCC0B95E
:105B8800124BA3659C621348134B03600F234360B9
:105B9800102383600023C360802202614361836114
:105BA800C3610362FDF7C4FC30B90A4B63659C62AC
:105BB800A0E7FAF797FBE3E7FAF794FBF5E700BFEE
:105BC800003C00400008004800040048800700200E
:105BD80058000240200700206C0002402DE9F047E1
:105BE80082B00546884617461E46FCF7C7FB0A9B47
:105BF8001B1A03EB0609FCF7C1FB8246284B1B68FE
:105C0800C3F3CB3309FB03F301932B689C6838EA91
:105C180004040CBF01230023BB423DD0B6F1FF3F73
:105C2800F3D0FCF7ABFBA0EB0A00484507D2019A7A
:105C380002B14A46019B013B01939146E5E72A6878
:105C4800536823F0E00353606B68B3F5827F0BD091
:105C5800AB6AB3F5005F14D0012385F85D300023EB
:105C680085F85C30032018E0AB68B3F5004F02D02C
:105C7800B3F5806FECD12A68136823F040031360F2
:105C8800E6E72A68136823F4005313602A68136848
:105C980043F400531360DFE7002002B0BDE8F0874B
:105CA800280000202DE9F04782B006460C4615462C
:105CB8001F4600238DF80330FCF760FB0A9B1B1A74
:105CC80003EB0708FCF75AFB8146D6F800A0304BD7
:105CD8001B6803EB8303C3EBC3031B0D08FB03F330
:105CE800019302E0B7F1FF3F12D133689B6803EAE2
:105CF800040CAC4547D0B4F5C06FF3D1002DF1D1F9
:105D08009AF80C30DBB28DF803309DF80330E9E7E0
:105D1800FCF734FBA0EB0900404507D2019A02B119
:105D28004246019B013B01939046DEE73268536887
:105D380023F0E00353607368B3F5827F0BD0B36A36
:105D4800B3F5005F14D0012386F85D30002386F890
:105D58005C30032018E0B368B3F5004F02D0B3F508
:105D6800806FECD13268136823F040031360E6E7D4
:105D78003268136823F4005313603268136843F4DD
:105D880000531360DFE7002002B0BDE8F08700BFD2
:105D98002800002070B582B004460D4616460092D1
:105DA8000B4600224FF4C051FFF77CFFB0B90096B4
:105DB8002B46002280212046FFF710FFA8B9009645
:105DC8002B4600224FF4C0612046FFF76BFF50B10D
:105DD800236E43F020032366032004E0236E43F080
:105DE80020032366032002B070BD236E43F0200316
:105DF80023660320F7E770B582B004460D461646C1
:105E08004368B3F5827F0DD000962B46002280218F
:105E18002046FFF7E3FE90B96368B3F5827F14D09C
:105E280002B070BD8368B3F5004F02D0B3F5806F40
:105E3800EAD12268136823F040031360E4E7236E75
:105E480043F0200323660320EAE7A368B3F5004F75
:105E580002D0B3F5806FE3D100962B4600224FF4B1
:105E6800C0612046FFF71EFF0028D9D0236E43F0FB
:105E7800200323660320D3E700286FD010B504461B
:105E8800436A33B94368B3F5827F05D00023C36101
:105E980002E00023036143610023A36294F85D30AC
:105EA800002B52D0022384F85D302268136823F057
:105EB80040031360E368B3F5E06F4CD90022B3F5F3
:105EC800706F04D0B3F5E06F01D00023A36263685C
:105ED80003F48273A16801F404410B43216901F0C2
:105EE80002010B43616901F001010B43A16901F44F
:105EF80000710B43E16901F038010B43216A01F09D
:105F080080010B43A16A01F4005120680B43036030
:105F1800638B03F00403616A01F010010B43616BAA
:105F280001F008010B43E16801F470610B4321683B
:105F38001A434A602268D36923F40063D3610020BE
:105F48002066012384F85D3010BD84F85C3020465B
:105F5800FFF7C4FDA6E74FF48052B0E70120704771
:105F680038B5044690F85C00012800F0F78001205D
:105F780084F85C0094F85D00C0B2656801280AD016
:105F8800B5F5827F40F0DB80A568002D40F0DC800D
:105F9800042840F0DB80002900F0DA80002A00F0B5
:105FA800D980002B00F0D88094F85D00C0B2042896
:105FB80002D0052084F85D0000202066A163A38735
:105FC800E3872264A4F84430A4F84630E0642065EE
:105FD8002268536823F4C0435360E368B3F5E06F65
:105FE80028D92268536823F48053536094F85D30AD
:105FF800DBB2042B69D0A36D594A1A63A36D594AC1
:10600800DA62A36D584A5A63A36D00229A63216825
:10601800B4F846309BB2226C0C31A06DFDF71DFB25
:10602800002859D0236E43F010032366012084F81A
:106038005D0085E02268536843F480535360636DC4
:106048009B69B3F5806F1AD0A36D9B69B3F5806F18
:10605800CCD12268536823F480535360B4F8463097
:1060680013F0010F24D12268536823F400535360BE
:10607800B4F84630C3F34E03A4F84630B6E7A38F0E
:1060880013F0010F09D12268536823F48043536049
:10609800E38FC3F34E03E387D6E72268536843F4DC
:1060A80080435360E38FC3F34E030133E387CBE7A9
:1060B8002268536843F400535360B4F84630C3F37E
:1060C8004E030133A4F8463090E7A36D274A1A63BC
:1060D800A36D274ADA6294E72268536843F0010304
:1060E8005360626D00231363626DD362626D536304
:1060F800626D93632268E38F9BB20C32A16B606D73
:10610800FDF7ABFA98B923681A6812F0400F03D16B
:106118001A6842F040021A602268536843F020036C
:1061280053602268536843F00203536008E0236E0B
:1061380043F010032366012084F85D0000E002208C
:10614800002384F85C3038BD0220F9E70220F7E725
:106158000120F5E70120F3E70120F1E70220F2E74B
:106168008F6100082D6200089B61000883610008A8
:10617800BD61000870477047704708B5806AFFF72F
:10618800FBFF08BD704708B5806AFFF7FBFF08BD35
:10619800704708B5806A0268536823F003035360A8
:1061A800036E43F010030366012380F85D30FFF7A8
:1061B800EFFF08BD38B50546846AFCF7DFF82B68A1
:1061C8001B6813F0200F1FD1024621684B6823F08B
:1061D80020034B60A3681BB96368B3F5827F17D0AF
:1061E80021684B6823F001034B6064212046FFF7C8
:1061F80002FE08B1202323660023A4F846300123B9
:1062080084F85D30236E4BB92046FFF7B3FF38BDE5
:1062180021684B6823F003034B60E6E72046FFF74D
:10622800B7FFF4E738B50546846AFCF7A7F82B688A
:106238001B6813F0200F1CD1024621684B6823F01D
:1062480020034B6064212046FFF7A4FD18B1236E9C
:1062580043F0200323662268536823F00303536046
:106268000023E387A4F84630012384F85D30236EC9
:106278001BB92046FFF77FFF38BD2046FFF788FF90
:10628800FAE700B500F00700C0F1070CBCF1040FF5
:1062980028BF4FF0040C031D062B0FD9C31E4FF067
:1062A800FF3E0EFA0CF021EA000199400EFA03FEB7
:1062B80022EA0E0241EA02005DF804FB0023EEE741
:1062C80091FAA1F161B1B1FA81F11039C9B2054B66
:1062D80033F81110435823F007031A43425070470C
:1062E8002021F2E744B7000891FAA1F161B1B1FAAF
:1062F80081F11039C9B2054B33F81110435823F016
:1063080018031A43425070472021F2E744B70008A7
:1063180010B491FAA1F1B9B1B1FA81F3103BDBB233
:106328000A4A32F81320815821F0200181508158FF
:10633800074C14F803C0C02303FA0CF321EA030343
:1063480083505DF8044B70472023E7E744B7000803
:10635800F0B6000891FAA1F161B1B1FA81F11139F1
:10636800C9B28030044B33F81120835823F40073EA
:10637800835070472021F2E744B7000810B591FA1E
:10638800A1F1D1B1B1FA81F3103BDBB20C4931F87C
:1063980013E050F80E100B4C54F8234021EA040186
:1063A80002F0200C02F0C002074CE35C9A404CEA71
:1063B80002030B4340F80E3010BD2023E4E700BF72
:1063C80044B70008D4B60008F0B6000891FAA1F165
:1063D80059B1B1FA81F11039C9B2054B33F811201E
:1063E800835823F40063835070472021F3E700BFEC
:1063F80044B7000891FAA1F159B1B1FA81F1103905
:10640800C9B2054B33F81120835823F480638350B5
:1064180070472021F3E700BF44B7000891FAA1F1C3
:1064280061B1B1FA81F11039C9B2054B33F81110D5
:10643800435823F0C0631A43425070472021F2E7C3
:1064480044B7000891FAA1F159B1B1FA81F11039B4
:10645800C9B2054B33F81120835823F000638350E9
:1064680070472021F3E700BF44B7000810B491FA41
:10647800A1F1B1B1B1FA81F3103BDBB20A4931F8AD
:1064880013C050F80C10094C54F8234021EA0401B9
:10649800074CE35C9A400A4340F80C205DF8044B33
:1064A80070472023E8E700BF44B7000824B7000876
:1064B8001CB7000810B491FAA1F1B1B1B1FA81F397
:1064C800103BDBB20A4931F813C050F80C10094CE4
:1064D80054F8234021EA0401074CE35C9A400A433C
:1064E80040F80C205DF8044B70472023E8E700BF14
:1064F80044B7000800B70008F8B6000891FAA1F1FF
:1065080061B1B1FA81F11139C9B28030044B33F865
:106518001120835823F04003835070472021F2E76D
:1065280044B7000891FAA1F169B1B1FA81F11039C3
:10653800C9B21430054B33F8111043581B0C1B0417
:106548001343435070472021F1E700BF44B70008C8
:1065580091FAA1F169B1B1FA81F11039C9B21830D3
:10656800054B33F81110435823F0FF031A434250E8
:1065780070472021F1E700BF44B7000891FAA1F164
:1065880061B1B1FA81F11139C9B2E430044B33F881
:106598001120835823F48073835070472021F2E739
:1065A80044B7000891FAA1F161B1B1FA81F111394A
:1065B800C9B2E430044B33F81120835843F4007314
:1065C800835070472021F2E744B7000891FAA1F1FF
:1065D800A1B1B1FA81F14FF4003393FAA3F37BB17F
:1065E800B3FA83F3C91AC9B2EC30064B33F8111069
:1065F800435823F010031A43425070472021EAE71A
:106608002023EFE744B700082DE9F0478AB00024BB
:10661800049405940694079408940994A04B1A6E60
:1066280042F080621A661B6E03F080630093009B41
:106638009C4EF06822460121C0F30220FFF721FE9C
:106648000001C0B2984D85F844031023AB60F06890
:1066580022460121C0F30220FFF713FE0001C0B259
:1066680085F847038023AB60904AD2F8CC3343F0D7
:106678000E03C2F8CC3300E03CB98C4BD3F8884306
:1066880014F48034F8D00124F6E7884D05224FF43D
:1066980000312846FFF714FE08224FF4003128463F
:1066A800FFF722FE45F208224FF400312846FFF793
:1066B80039FF00224FF400312846FFF749FF002236
:1066C8004FF400312846FFF7F5FE00224FF4003161
:1066D8002846FFF77BFF00224FF400312846FFF7DA
:1066E8009DFE4FF400312846FFF712FE00224FF4BA
:1066F80000312846FFF742FE4FF400312846FFF7E5
:1067080065FE4FF400312846FFF774FE4FF4003160
:106718002846FFF797FE00224FF400312846FFF77E
:10672800A5FE4FF4003393FAA3F343B3B3FA83F30C
:10673800113BDBB25E4A32F813205E4B0021D15088
:106748005A4D4FF400312846FFF7D8FE4FF4003178
:106758002846FFF713FF4FF4003191FAA1F3D5F85B
:10676800A03323F40033C5F8A033D5F8843343F0BD
:106778000203C5F884332846FFF7ECFD02E0202326
:10678800D6E73DB9494BD3F8885315F48035F8D08E
:106798002546F6E7454C00224FF480212046FFF7B6
:1067A8008FFD08224FF480212046FFF79DFD4FF60C
:1067B800DF724FF480212046FFF7B4FE00224FF429
:1067C80080212046FFF7C4FE00224FF48021204696
:1067D800FFF770FE00224FF480212046FFF7F6FEF7
:1067E80000224FF480212046FFF718FE4FF4802145
:1067F8002046FFF78DFD00224FF480212046FFF749
:10680800BDFD4FF480212046FFF7E0FD4FF48021C5
:106818002046FFF7EFFD4FF480212046FFF712FED8
:1068280000224FF480212046FFF720FE4FF48023FA
:1068380093FAA3F343B3B3FA83F3113BDBB21C4AD5
:1068480032F813201B4B0021D150184C4FF48021F3
:106858002046FFF753FE4FF480212046FFF78EFEB7
:106868004FF4802191FAA1F3D4F8A03323F48023C4
:10687800C4F8A033D4F8843343F00403C4F8843351
:106888002046FFF767FD02E02023D6E7A4B9074BAF
:10689800D3F8884314F48034F8D02C46F6E700BFC8
:1068A8000010024000ED00E000E100E00068014057
:1068B80044B70008D4680140C74D05224FF40021B1
:1068C8002846FFF7FDFC08224FF400212846FFF771
:1068D8000BFD46F65F524FF400212846FFF722FED3
:1068E80000224FF400212846FFF732FE00224FF421
:1068F80000212846FFF7DEFD00224FF4002128463C
:10690800FFF764FE00224FF400212846FFF786FDBA
:106918004FF400212846FFF7FBFC00224FF400212A
:106928002846FFF72BFD4FF400212846FFF74EFDC0
:106938004FF400212846FFF75DFD4FF4002128465B
:10694800FFF780FD00224FF400212846FFF78EFD57
:106958004FF4002393FAA3F343B3B3FA83F3113B41
:10696800DBB29E4A32F813209D4B0021D1509A4D3C
:106978004FF400212846FFF7C1FD4FF400212846B7
:10698800FFF7FCFD4FF4002191FAA1F3D5F8A033ED
:1069980023F40023C5F8A033D5F8843343F0080363
:1069A800C5F884332846FFF7D5FC02E02023D6E754
:1069B8003DB9894BD3F8885315F48035F8D025466E
:1069C800F6E7854C00224FF480112046FFF778FC4B
:1069D80008224FF480112046FFF786FC4FF6DF723D
:1069E8004FF480112046FFF79DFD00224FF48011DF
:1069F8002046FFF7ADFD00224FF480112046FFF737
:106A080059FD00224FF480112046FFF7DFFD0022D8
:106A18004FF480112046FFF701FD4FF48011204606
:106A2800FFF776FC00224FF480112046FFF7A6FC02
:106A38004FF480112046FFF7C9FC4FF4801120461F
:106A4800FFF7D8FC4FF480112046FFF7FBFC00222B
:106A58004FF480112046FFF709FD4FF4801393FA95
:106A6800A3F343B3B3FA83F3113BDBB25B4A32F8C7
:106A780013205B4B0021D150574C4FF48011204616
:106A8800FFF73CFD4FF480112046FFF777FD4FF4E8
:106A9800801191FAA1F3D4F8A03323F48013C4F839
:106AA800A033D4F8843343F01003C4F88433204669
:106AB800FFF750FC02E02023D6E73CB9464BD3F859
:106AC800884314F48034F8D02C46F6E7424D00226F
:106AD8004FF400112846FFF7F3FB08224FF400118A
:106AE8002846FFF701FC4FF6DF724FF400112846E5
:106AF800FFF718FD00224FF400112846FFF728FD84
:106B080000224FF400112846FFF7D4FC00224FF46E
:106B180000112846FFF75AFD00224FF400112846BD
:106B2800FFF77CFC4FF400112846FFF7F1FB002229
:106B38004FF400112846FFF721FC4FF400112846B6
:106B4800FFF744FC4FF400112846FFF753FC4FF4BD
:106B580000112846FFF776FC00224FF40011284662
:106B6800FFF784FC4FF4001393FAA3F343B3B3FA8B
:106B780083F3113BDBB2194A32F81320184B00217A
:106B8800D150154D4FF400112846FFF7B7FC4FF4CC
:106B980000112846FFF7F2FC4FF4001191FAA1F317
:106BA800D5F8A03323F40013C5F8A033D5F88433FF
:106BB80043F02003C5F884332846FFF7CBFB02E0F7
:106BC8002023D6E773B9044BD3F8883313F4803302
:106BD800F8D02346F6E700BF0068014044B7000834
:106BE800D46801409C4C00224FF480012046FFF7F6
:106BF80067FB08224FF480012046FFF775FB4FF62C
:106C0800DF724FF480012046FFF78CFC00224FF41E
:106C180080012046FFF79CFC00224FF480012046AB
:106C2800FFF748FC00224FF480012046FFF7CEFC16
:106C380000224FF480012046FFF7F0FB4FF480015B
:106C48002046FFF765FB00224FF480012046FFF73E
:106C580095FB4FF480012046FFF7B8FB4FF4800105
:106C68002046FFF7C7FB4FF480012046FFF7EAFBF9
:106C780000224FF480012046FFF7F8FB4FF4800311
:106C880093FAA3F3002B00F0E580B3FA83F3113BEA
:106C9800DBB2724A32F813200024714BD4506E4D87
:106CA8004FF480012846FFF729FC4FF4800128465D
:106CB800FFF764FC4FF480012846FFF773FC4FF49C
:106CC800800191FAA1F3D5F8A03323F48003C5F825
:106CD800A033D5F8843343F04003C5F884332846FD
:106CE800FFF738FB5F4BDA6C42F00202DA64DA6CC9
:106CF80002F002020392039ADA6C42F00402DA64A8
:106D0800DA6C02F004020292029ADA6C42F0010292
:106D1800DA64DB6C03F001030193019B4FF48053A9
:106D280004930226059603250695079408940D27D3
:106D38000997DFF8348104A94046FBF7D2F94FF4EC
:106D4800005304930596069507940894099704A997
:106D58004046FBF7C6F94FF4804304930596069521
:106D680007940894099704A94046FBF7BAF94FF429
:106D7800004304930596069507940894099704A977
:106D88004046FBF7AEF94023049305960695079411
:106D98000894099708F5806804A94046FBF7A1F90B
:106DA800802304930596069507940894099704A9E7
:106DB8004046FBF796F94FF4807ACDF810A0059677
:106DC800069507940894099504A94046FBF789F9A4
:106DD8004FF40079CDF8109005960695079408941D
:106DE800099504A94046FBF77CF9CDF810A0059653
:106DF800069507940894099704A94FF09040FBF76B
:106E080070F9CDF81090059606950794089409979F
:106E180004A94FF09040FBF764F94FF480630493A2
:106E28000596069507940894099704A94FF0904091
:106E3800FBF757F94FF400630493059606950794FA
:106E48000894099704A94FF09040FBF74AF90AB053
:106E5800BDE8F08720231AE70068014044B700081E
:106E6800D4680140001002400004004808B503F04F
:106E7800B1FA0A20FBF788FA08BD08B5FFF7F6FF54
:106E880000F07EFE4FF4FA70FBF77EFAFAE7000096
:106E9800124A1388591C1180114AA2FB0312920945
:106EA8004FF47A7101FB12339BB24BB90D494B6910
:106EB8001A0402F00062DB4303F4006313438B619E
:106EC800094B5B78012B05D0042B06D1064B062213
:106ED8001A707047044B02221A7070475C08002031
:106EE800D34D6210000400486C080020344B93F81E
:106EF8004534012B0AD0324BB3F83E3113F0010F61
:106F080004D12F4B01229A7005225A702C4BD3EDD5
:106F1800997ABBEE0E7AF4EEC77AF1EE10FA09D53B
:106F2800B3F83E3113F4806F04D1254B0B229A70CD
:106F380005225A70224B93ED667AF4EEC77AF1EE89
:106F480010FA09D5B3F83E3113F4807F04D11C4BF5
:106F580009229A7005225A70194B93ED677AF4EE5C
:106F6800C77AF1EE10FA09DDB3F83E3113F4007F69
:106F780004D1134B0A229A7005225A70104B5B7881
:106F8800042B09D00F4A00211180042B0BD0052BAC
:106F980011D0022B0BD070470A490A88501C088070
:106FA800632AEFD8F7E7064B07221A707047044B9D
:106FB8000B221A707047024B04221A70EBE700BFCD
:106FC8006C0800205A0800202B4B93F84534012BFD
:106FD8000AD0294BB3F83E3113F0010F04D1264BE8
:106FE80001229A7005225A70234BD3ED697A93EDEA
:106FF8005F7AF4EEC77AF1EE10FA09D5B3F83E31AC
:1070080013F0020F04D11C4B02229A7005225A7009
:10701800194B93ED607AF4EEC77AF1EE10FA09DDB8
:10702800B3F83E3113F0040F04D1134B03229A70C6
:1070380005225A70104B5B78042B09D00F4A0021A7
:107048001180042B0BD0052B11D0022B0BD07047CD
:107058000A490A88501C0880632AEFD8F7E7064BCC
:1070680008221A707047044B0B221A707047024BA3
:1070780004221A70EBE700BF6C08002058080020B3
:10708800304B93F84534012B0AD02E4BB3F83E31E0
:1070980013F0010F04D12B4B01229A7005225A706C
:1070A800284BD3ED697A93ED5F7AF4EEC77AF1EE67
:1070B80010FA09D5B3F83E3113F0020F04D1214B71
:1070C80002229A7005225A701E4B93ED607AF4EEF4
:1070D800C77AF1EE10FA09DDB3F83E3113F0040F68
:1070E80004D1184B03229A7005225A70164B93ED5F
:1070F800077ADFED167AB4EEE77AF1EE10FA06DCDD
:1071080093ED087AB4EEE77AF1EE10FA0ADD0D4B4A
:10711800B3F83E3113F4805F04D10A4B0D229A7004
:1071280005225A70074B5B78022B02D0052B04D03E
:107138007047044B0B221A707047024B04221A70D6
:10714800704700BF6C080020F80E00200000A04225
:1071580008B52DED028BB0EE408A012826D0022812
:1071680079D1B5EEC00AF1EE10FA06DBDFED477A09
:10717800B4EEE70AF1EE10FA55D4DFED447AB4EE36
:10718800E78AF1EE10FA06DBDFED417AB4EEE78A22
:10719800F1EE10FA50D49FED3F0A012003F0BEFD36
:1071A8009FED3A0A042003F0B9FD6CE0B5EEC00A81
:1071B800F1EE10FA06DBDFED357AB4EEE70AF1EE10
:1071C80010FA18D4DFED317AB4EEE78AF1EE10FA4E
:1071D80006DBDFED2F7AB4EEE78AF1EE10FA13D46E
:1071E8009FED2C0A002003F099FD9FED280A03204B
:1071F80003F094FD47E0002003F090FD9FED230A83
:10720800032003F08BFD3EE0DFED208AB0EE680A34
:10721800002003F083FD38EE680A38EEC00A032028
:1072280003F07CFD2FE0012003F078FD9FED170AA5
:10723800042003F073FD26E0DFED148AB0EE680A3F
:10724800012003F06BFD38EE680A38EEC00A04200E
:1072580003F064FD17E0DFED0F8AB0EE680A002046
:1072680003F05CFD9FED098AB0EE480A032003F0A5
:1072780055FDB0EE680A012003F050FDB0EE480A53
:10728800042003F04BFDBDEC028B08BD00007A44DE
:107298000000FA440000000008B52DED028B002222
:1072A800C821012003F05CFB404BB3F84031B3F533
:1072B800965F5AD03CD8B3F57A6F4BD041F268024A
:1072C80093420AD101220221002003F0CDFC0122C1
:1072D8000221104603F0C8FC0DE040F6AC52934280
:1072E80059D101220021084603F0BEFC01220021E9
:1072F800104603F0B9FC9FED2E8AB0EE480A002034
:1073080003F00CFDB0EE480A012003F007FD9FEDE5
:10731800298AB0EE480A032003F000FDB0EE480ABF
:10732800042003F0FBFC03F047FDBDEC028B08BD15
:1073380041F28832934223D0B3F5AF5F2BD10122BB
:107348000421002003F090FC01220421104603F0E0
:107358008BFCD0E701221146002003F085FC0122B6
:107368001146104603F080FCC5E7012203210020E6
:1073780003F07AFC01220321104603F075FCBAE7FA
:1073880001220421002003F06FFC01220421104691
:1073980003F06AFCAFE701221146002003F064FC09
:1073A80001221146104603F05FFCA4E76C08002098
:1073B8000000000000007A4408B52D48D0F8483194
:1073C800C0F8B830D0F84C31C0F8B430D0F85021FB
:1073D800C0F8E0200023C0F8E430C0F8D820C0F896
:1073E800DC30B0F8402107EE102AB8EE477AF7EE05
:1073F800006AC6EE877AC0ED2F7AD0F85421C0F81B
:107408008420D0F85821C0F88020D0F85C21C0F83A
:10741800AC20C0F8B030C0F8A420C0F8A830C0ED47
:10742800227AD0F86021C261D0F864218261D0F854
:10743800682142648364C2630364C0ED087AD0F8AB
:107448006C210265D0F87021C264D0F8742182677B
:10745800C36702674367C0ED157AC0ED3D7AD0F87F
:107468007831C0F8F830E83003F03AFD00BF08BDC5
:107478006C08002010B500232BE0244A03EB4300DE
:1074880041011144FF2081F80002D01890F828012A
:1074980081F8FC0103F1940002EB40000089A1F897
:1074A800FE0103F1420002EB80004068C1F8F801D8
:1074B80003F17C0102EB4101898807EE901A03EB86
:1074C800430041010A44F8EE677AC2ED7D7A013340
:1074D800DBB2062BD1D90D4B002283F80022012400
:1074E80083F86042022283F8C022032283F8202313
:1074F800042283F88023052283F8E023062283F8F8
:10750800402403F0F3F8204610BD00BF6C080020AB
:1075180010B51A4B1A88511C1980194BA3FB02137A
:107528001B09C3EB03135900521A92B23AB9154B0F
:107538001878172809D9134A137801331370114B97
:107548001B78182B15D900240DE002F095FF0D4B80
:1075580018780138C0B202F09DFFECE7204602F02F
:1075680099FF0134E4B2172CF8D9074B5B78022B4A
:1075780000D010BD044B05221A70FAE762080020FB
:10758800898888882C0000206C08002008B5094BE1
:1075980000201875587503F053FB012003F050FBC9
:1075A800202002F077FF212002F074FF222002F051
:1075B80071FF08BD6C08002008B5FFF7E7FF104A07
:1075C8001388591C11800F4AA2FB03129209C82183
:1075D80001FB12339BB24BB90B494B691A0402F0F9
:1075E8008072DB4303F4807313438B61074B5B7832
:1075F800012B00D008BD054B02221A70FAE700BF24
:107608005E0800201F85EB51000C00486C08002024
:1076180010B5104C00202075607503F011FB012097
:1076280003F00EFB202002F035FF212002F032FF8C
:10763800222002F02FFF6378022B02D0052B04D002
:1076480010BD044B05221A70FAE7024B04221A7087
:10765800F6E700BF6C08002008B549B158B9002109
:10766800084603F0C5FA0021012003F0C1FA08BD5D
:1076780003F0E6FAFBE70121032003F0B9FA012140
:10768800042003F0B5FAF2E710B52DED028B444A59
:107698001388591C1180434AA2FB03125209642122
:1076A80001FB12339BB24BB93F494B691A0402F0F4
:1076B8000062DB4303F4006313438B613B4B9B780D
:1076C800002B38D1394CA08802F0D0FEA17C0020D4
:1076D800FFF7C2FFE17C0120FFF7BEFFE38800EE61
:1076E800103AB8EE400A002003F018FB238900EE98
:1076F800103AB8EE400A012003F010FBA38900EE0F
:10770800103AB8EEC00A9FED2A8A38EE400A0320E4
:1077180003F004FBE38900EE103AB8EEC00A38EE35
:10772800400A042003F0FAFA204B5B78032B33D08D
:10773800BDEC028B10BD1D4B00249C809C74DC7436
:10774800DC801C819C81DC81204603F079FA0120D1
:1077580003F076FA202002F09DFE212002F09AFE26
:10776800222002F097FE9FED138AB0EE480A2046C9
:1077780003F0D4FAB0EE480A012003F0CFFA9FEDE7
:107788000C8AB0EE480A032003F0C8FAB0EE480AA3
:10779800042003F0C3FAC7E7044B03221A70C7E7B3
:1077A800600800201F85EB51000400486C08002089
:1077B80000007A440000000010B5694B1B88002BBC
:1077C80000F08280B3F57A7F00F08280654B93F8F1
:1077D8004534012B0AD0634BB3F83E3113F0010F47
:1077E80004D1604B01229A7005225A705D4BD3ED8B
:1077F800997ABBEE0E7AF4EEC77AF1EE10FA09D553
:10780800B3F83E3113F4806F04D1564B0B229A70B3
:1078180005225A70534B93ED667AF4EEC77AF1EE6F
:1078280010FA09D5B3F83E3113F4807F04D14D4BDB
:1078380009229A7005225A704A4B93ED677AF4EE42
:10784800C77AF1EE10FA09DDB3F83E3113F4007F80
:1078580004D1444B0A229A7005225A70414B93ED89
:10786800697AD3ED5F6AB4EEE67AF1EE10FA09D5DB
:10787800B3F83E3113F0020F04D13A4B02229A704A
:1078880005225A70374BD3ED606AB4EEE67AF1EE12
:1078980010FA09DDB3F83E3113F0040F04D1314B6F
:1078A80003229A7005225A702E4B5B78042B1BD04A
:1078B8002B4B00221A802B4B5B78042B44D0052BD2
:1078C8004AD0022B44D010BD202002F0D5FD7DE720
:1078D8000124244B5C7521460020FFF7BDFE21469C
:1078E8002046FFF7B9FE71E71D4A1388591C11801D
:1078F80042F20F7293420FD91A4B5B7D012BD7D1FD
:10790800184BB3F83E3113F4006FD1D1154B0C224C
:107918009A7005225A70CBE7124B93ED817A77EE75
:10792800C77AB2EE047AF4EEC77AF1EE10FACAD545
:107938000020587503F084F9012003F081F9084B01
:1079480042F210721A80BEE7064B09221A70BAE793
:10795800044B0B221A70B6E7024B04221A70B2E7E6
:10796800560800206C08002010B5384B1B88002BE7
:1079780045D0374B93F84534012B0AD0344BB3F834
:107988003E3113F0010F04D1314B01229A700522C8
:107998005A702F4BD3ED697A93ED5F7AF4EEC77A7C
:1079A800F1EE10FA09D5B3F83E3113F0020F04D105
:1079B800274B02229A7005225A70254B93ED607A64
:1079C800F4EEC77AF1EE10FA09DDB3F83E3113F0A0
:1079D800040F04D11E4B03229A7005225A701C4BC7
:1079E8005B78042B12D0194B00221A80184B5B7855
:1079F800042B1ED0052B24D0022B1ED010BD212015
:107A080002F03AFD222002F037FDB2E70F4A138850
:107A1800591C1180B3F5FA7FF0D301240C4B1C7567
:107A280021460020FFF718FE21462046FFF714FEE6
:107A3800D9E7074B0A221A70E0E7054B0B221A70A8
:107A4800DCE7034B04221A70D8E700BF5408002073
:107A58006C08002000230CE0364AD118082081F871
:107A6800280103F1940102EB4102C821118101337D
:107A7800DBB2062BF0D92F4B2F4AC3F80C2140F26A
:107A88008A71A3F8FC10C3F81021A3F8FE10C3F8FC
:107A98001421A3F80011C3F81821A3F80211C3F8A0
:107AA8001C21A3F80411C3F82021A3F80611C3F878
:107AB8002421A3F808112149C3F84411C3F8482127
:107AC800C3F84C211E49C3F85011C3F85421C3F818
:107AD8005821C3F85C11C3F86021C3F864214FF042
:107AE8007E51C3F86811C3F86C21C3F87021C3F83C
:107AF8007411144AC3F878214FF47A62A3F840212C
:107B0800114AC3F87C21114AC3F88021104AC3F8EE
:107B18008421C3F88821C3F88C21C3F890210D4A29
:107B2800C3F894210C4AC3F898210C4AC3F89C2145
:107B3800704700BF6C0800206F12833A0000E143D1
:107B48000000A0410000A0400000EB4300801D445D
:107B580000000C43000034440000964300802C448D
:107B680008B5A42003F070FA044BA3F8A001A421DF
:107B780003F1FC0003F046FB08BD00BF6C080020C1
:107B880008B5012001F038F9022001F035F9FFF7B6
:107B980061FFFFF7E5FF00B900BFFFF77DFBFFF7C7
:107BA8000BFCFFF767FC02F07FFE00BF014B0222CF
:107BB8005A7008BD6C0800200D4A13780133DBB2F7
:107BC8001370092B12D80B4B1B78022B01D0002005
:107BD800704710B5084CA421204603F07DFAA42074
:107BE80003F032FAA4F8A400012010BD0020704769
:107BF800680800206C080020680900200D4B1B78DD
:107C0800043BDBB2012B13D800230A4A938006E019
:107C1800084A02EB43020021D1800133DBB2052B75
:107C2800F6D9044B00229A74DA7401205870704710
:107C3800002070476C080020044B1B78022B01D0F1
:107C480000207047014B9880012070476C08002085
:107C5800052817D80C4B1B78022B01D00020704741
:107C6800022808D8B1F57A7F09D8074B03EB4003FF
:107C7800D98001207047D229F7D9D221F5E74FF4EE
:107C88007A71F2E7002070476C080020264B1B78B9
:107C9800022B46D1B0F5965F2ED018D8B0F57A6F82
:107CA80023D041F26803984206D11F4B41F2680283
:107CB800A3F840210120704740F6AC53984229D1DF
:107CC800194B40F6AC52A3F840210120704741F20D
:107CD8008833984217D0B0F5AF5F1BD1124B4FF4E1
:107CE800AF52A3F84021012070470F4B4FF47A623E
:107CF800A3F84021012070470B4B4FF49652A3F88C
:107D0800402101207047084B41F28832A3F84021F6
:107D180001207047044B4FF47A62A3F840210120F8
:107D280070470020704700BF6C0800200C4B1B7880
:107D3800022B12D1632806D940F2B223984203D904
:107D480040F2B22000E0642007EE900AF8EE677A6D
:107D5800034BC3ED517A012070470020704700BFE4
:107D68006C0800200E4B1B78022B17D1DFED0D7A23
:107D7800B4EEE70AF1EE10FA09D4F3EE047AB4EEA1
:107D8800E70AF1EE10FA04DDB3EE040A01E09FED14
:107D9800050A034B83ED520A012070470020704703
:107DA8006C0800206F12833A0E4B1B78022B17D1F8
:107DB800DFED0D7AB4EEE70AF1EE10FA09D4F0EE31
:107DC800007AB4EEE70AF1EE10FA04DDB0EE000A2C
:107DD80001E09FED050A034B83ED530A012070472C
:107DE800002070476C0800206F12833A0A4B1B78FA
:107DF800022B0FD1092803D9FA2802D9FA2000E06A
:107E08000A2007EE900AF8EE677A034BC3ED547A1E
:107E180001207047002070476C0800200E4B1B782B
:107E2800022B17D1DFED0D7AB4EEE70AF1EE10FA66
:107E380009D4F3EE047AB4EEE70AF1EE10FA04DDA1
:107E4800B3EE040A01E09FED050A034B83ED550AE2
:107E580001207047002070476C0800206F12833A99
:107E68000E4B1B78022B17D1DFED0D7AB4EEE70A23
:107E7800F1EE10FA09D4F0EE007AB4EEE70AF1EE6A
:107E880010FA04DDB0EE000A01E09FED050A034B8D
:107E980083ED560A01207047002070476C080020C7
:107EA8006F12833A084B1B78022B0BD1FA2800D9A2
:107EB800FA2007EE900AF8EE677A034BC3ED577A7B
:107EC80001207047002070476C0800200E4B1B787B
:107ED800022B17D1DFED0D7AB4EEE70AF1EE10FAB6
:107EE80009D4F3EE047AB4EEE70AF1EE10FA04DDF1
:107EF800B3EE040A01E09FED050A034B83ED580A2F
:107F080001207047002070476C0800206F12833AE8
:107F18000E4B1B78022B17D1DFED0D7AB4EEE70A72
:107F2800F1EE10FA09D4F0EE007AB4EEE70AF1EEB9
:107F380010FA04DDB0EE000A01E09FED050A034BDC
:107F480083ED590A01207047002070476C08002013
:107F58006F12833A094B1B78022B0DD140F2145350
:107F6800984200D9184607EE900AF8EE677A034B54
:107F7800C3ED5A7A01207047002070476C08002032
:107F88000E4B1B78022B17D1DFED0D7AB4EEE70A02
:107F9800F1EE10FA09D4F3EE047AB4EEE70AF1EE42
:107FA80010FA04DDB3EE040A01E09FED050A034B65
:107FB80083ED5B0A01207047002070476C080020A1
:107FC8006F12833A0E4B1B78022B17D1DFED0D7A17
:107FD800B4EEE70AF1EE10FA09D4F0EE007AB4EE46
:107FE800E70AF1EE10FA04DDB0EE000A01E09FEDB9
:107FF800050A034B83ED5C0A012070470020704797
:108008006C0800206F12833A094B1B78022B0DD1A4
:1080180040F21453984200D9184607EE900AF8EE39
:10802800677A034BC3ED5D7A0120704700207047E3
:108038006C0800200A4B1B78022B0FD1012803D9AA
:10804800282802D9282000E0022007EE900AF8EE3E
:10805800677A034BC3ED5E7A0120704700207047B2
:108068006C0800200C4B1B78022B13D1B0F5DC7F79
:1080780005D3B0F5027F04D94FF4027001E04FF444
:10808800DC7007EE900AF8EE677A034BC3ED5F7A6F
:1080980001207047002070476C0800200D4B1B78AA
:1080A800022B15D140F23923984206D940F28A238F
:1080B800984204D940F28A2001E040F23A2007EEC3
:1080C800900AF8EE677A034BC3ED607A0120704797
:1080D800002070476C0800200A4B1B78022B0FD138
:1080E800312803D9912802D9912000E0322007EEE7
:1080F800900AF8EE677A034BC3ED617A0120704766
:10810800002070476C0800200A4B1B78022B0FD107
:10811800312803D9912802D9912000E0322007EEB6
:10812800900AF8EE677A034BC3ED627A0120704734
:10813800002070476C0800200A4B1B78022B0FD1D7
:10814800312803D9912802D9912000E0322007EE86
:10815800900AF8EE677A034BC3ED637A0120704703
:10816800002070476C0800200A4B1B78022B0FD1A7
:10817800312803D9912802D9912000E0322007EE56
:10818800900AF8EE677A034BC3ED647A01207047D2
:10819800002070476C0800200D4B1B78022B14D16F
:1081A800B0F5C87F06D340F2DA23984204D940F2EA
:1081B800DA2001E04FF4C87007EE900AF8EE677A0B
:1081C800034BC3ED657A012070470020704700BF5C
:1081D8006C0800200C4B1B78022B12D1132806D9EF
:1081E80040F2B223984203D940F2B22000E01420B2
:1081F80007EE900AF8EE677A034BC3ED667A012022
:1082080070470020704700BF6C0800200D4B1B789A
:10821800022B14D1B0F5D27F06D340F2B223984294
:1082280004D940F2B22001E04FF4D27007EE900A70
:10823800F8EE677A034BC3ED677A01207047002098
:10824800704700BF6C08002028B1064B1B78052B2F
:1082580006D000207047034B02225A700120704755
:10826800012070476C080020054B1B78022B01D0B9
:1082780000207047024B03225A700120704700BF4C
:108288006C08002008B5424A138801339BB213805A
:10829800642B37D83F4A138801339BB21380B3F558
:1082A8007A6F22D93C4B1B78022B1BD03B4BD3ED6A
:1082B800077A9FED3B7AF4EEC77AF1EE10FA08DC04
:1082C80093ED087ADFED366AB4EEE67AF1EE10FA4D
:1082D8001EDD232002F0D0F8242002F0CDF825205E
:1082E80002F0CAF82B4B00221A8000BF2A4B1B78D9
:1082F8000B2B2DD8DFE803F0222A2D303336393CFA
:108308003F42454800F086FD214B00221A80C1E714
:10831800DFED246AF4EEE67AF1EE10FAE2D5B4EE77
:10832800E67AF1EE10FADDD5232002F0B3F8242026
:1083380002F0B0F8252002F0ADF8D3E7164B5B78D1
:10834800022B05D1144B01221A7001E0FFF7E0F867
:1083580008BDFFF799F9FBE702F0F0FAF8E7FFF735
:108368002BF9F5E7FEF794FDF2E7FEF7BFFDEFE71F
:10837800FEF72AFEECE7FFF71FFAE9E7FFF7F4FA42
:10838800E6E7FEF77DFEE3E7FFF742F9E0E700BF27
:1083980066080020640800206C080020F80E002001
:1083A8000000484200002042084B1B78022B09D1EC
:1083B80018B9064B997401207047012804D1034B62
:1083C800D974704700207047002070476C0800205F
:1083D800884BD3ED817A93ED657AF4EEC77AF1EEA6
:1083E80010FA09DDB3F83E3113F0800F04D1814B48
:1083F80008229A7005225A707E4BD3EDB16A93ED2C
:10840800617AF4EEC76AF1EE10FA09DDB3F83E318D
:1084180013F0080F04D1774B04229A7005225A7082
:10842800744BD3EDC96A93ED627AF4EEC76AF1EE44
:1084380010FA08DDB3F83E3113F0100F03D16D4B7D
:1084480005229A705A706B4BD3EDF96A93ED637AF3
:10845800F4EEC76AF1EE10FA09DDB3F83E3113F015
:10846800200F04D1634B06229A7005225A70614B83
:1084780003F24442D2ED006A93ED647AF4EEC76ADF
:10848800F1EE10FA0ADDB3F83E3113F0400F05D1D2
:10849800A2F2444307229A7005225A70554B1B7862
:1084A800022B00F0A68070B52DED028B514B1C7D80
:1084B800002C52D0504D51482860A0F1B404D4F893
:1084C8004431C4F8C030C4ED317A02F0B5FC2B68F1
:1084D8009B694B4A136004F180002860C4F88C3013
:1084E800D4EDE17A94EDF97A77EE877AC4ED247ABF
:1084F80002F0A2FC2B689B69204640F8E83F02F096
:10850800F8FCD4ED3C7AB6EE007A67EE877A3D4EF9
:10851800C6ED007A04F118002860C4ED097AD4F891
:10852800C432A36202F088FC2B68012093ED060A8E
:10853800FEF70EFE04F14C0028603368A365D4F8FA
:108548002433E36502F078FC2B68022093ED060AD9
:10855800FEF7FEFDBDEC028B70BD03F1B400264BA7
:10856800186002F0B3FC0CE0342004FB00F010307B
:10857800204B18440830204B186002F0A7FC013447
:10858800E4B2022CF0D91B4B5B7D13B31E4BD3ED29
:10859800007A9FED1E7AF4EEC77AF1EE10FA05D54F
:1085A8009FED1B7A77EE877AC3ED007A164B93ED31
:1085B800007ADFED167AB4EEE77AF1EE10FA01DB15
:1085C800C3ED007A0120104B93ED000AFEF7C0FDC1
:1085D800C0E79FED108A0C4B83ED008A0120B0EEB6
:1085E800480AFEF7B5FD0220B0EE480AFEF7B0FDD6
:1085F800B0E770476C0800205008002020090020D0
:1086080048080020440800204C080020000082444C
:10861800CDCC4C3D00000000062808D800EB4000F7
:10862800400100F5D070034B184404307047002017
:10863800704700BF6C0800200E4B1B78022B14D12A
:10864800062814D80B4B00EB400203EB4212D2ED84
:108658006B7AC2ED7D7A7C3003EB4003FCEEE77A5F
:1086680017EE902A9A80012070470020704700205A
:10867800704700BF6C080020144B1B78022B1FD1D9
:1086880006281FD800EB4002104B03EB4213D3ED32
:108698007E7AF5EE407AF1EE10FA15D00B4B03EB2B
:1086A8004212D2ED696A86EEA77AC0EE077AC2ED69
:1086B8007E7A423003EB8003C3ED017A01207047D4
:1086C8000020704700207047002070476C08002089
:1086D8000A4B1B78022B0CD106280CD87C30074B90
:1086E80003EB4003BCEEC00A10EE102A9A8001206A
:1086F8007047002070470020704700BF6C080020BA
:10870800084B1B78022B09D1062809D84230054BA3
:1087180003EB800383ED010A0120704700207047B6
:10872800002070476C0800200A4B1B78022B0DD1E3
:1087380006280DD819B1102902D9102100E001210D
:10874800044B034483F82811012070470020704728
:10875800002070476C0800200B4B1B78022B0ED1B1
:1087680006280ED819B1FA2902D9FA2100E0012108
:108778009430054B03EB400319810120704700201A
:1087880070470020704700BF6C0800204FF0000CB5
:10879800BCF1060F00F2838030B550E06A01404B0F
:1087A8001344002283F8F02174E000EB4001CB0071
:1087B80013446A333A4901EB830393ED027A77EE67
:1087C800877A0132D2B29645EFD807EE10EAB8EEB2
:1087D800C77AC7EE876A324A00EB40014B0113445F
:1087E800C3ED6B6AD3ED7D7A76EEE77A93ED7E7A08
:1087F80067EE877AD3ED6A6AB3F8FE1107EE101AAE
:10880800B8EE477AB7EE006A37EE067AF0EE005A0D
:1088180085EE876A77EEE67A67EE867A77EEA67A4D
:10882800C3ED697A00EB400043011A44C2ED6A7A4D
:108838000CF1010C5FFA8CFCBCF1060F2ED86046D7
:108848000CEB4C035A01164B134493F90032B3F165
:10885800FF3FEDD0DBB2134A32F9133007EE903AFE
:10886800F8EEE77A0E4C0CEB4C025301234493F8D4
:10887800F0E10EF10101C9B283F8F0111546D200FA
:1088880072446A3204EB8204C4ED027A93F8FCE184
:10889800714583D00022DFED047A94E730BD70473C
:1088A8006C080020F80E00200000000030B583B0EE
:1088B8000C4600BFAD4B984211D0AD4B984200F02A
:1088C8009480AC4B984200F0A2804FF20F042246ED
:1088D8004FF49661A54801F00BF903B030BD40F2A2
:1088E800BC43994218D840F2B643994260D2B1F5D8
:1088F800966F0ED19D4801F0F4F8C0B29E4B1870E7
:108908000138052800F20982DFE800F01A222A322D
:1089180032444FF20F04DAE7A1F2BD439BB2052BB4
:1089280000F2F881914801F0DCF801464334E0B2E6
:10893800FFF78EF9002840F008824FF20F04C6E7CF
:10894800FFF75CF9002840F0EB814FF20F04BEE717
:10895800FFF732F9002840F0E6814FF20F04B6E73E
:10896800FFF782FC002840F0E1814FF20F04AEE7E8
:1089780040F2B1417D4801F0B4F87F4B1B78043BCD
:10898800C1B2D8B2FFF710FD002840F0D2814FF2F3
:108998000F049CE740F2B141744801F0A2F8C0B25C
:1089A800FFF752FC002840F0C7814FF20F048EE712
:1089B800C8B24A30C5B26D4801F093F807EE900A84
:1089C800B8EE670A40B92846FFF736FE002840F09F
:1089D800B6814FF20F047AE72846FFF74DFE0028CC
:1089E80040F0B0814FF20F0471E740F2EB33994247
:1089F80002D04FF20F046AE75D4801F072F8FFF702
:108A08001BF9002840F0A4814FF20F045FE71846D5
:108A180001F067F8019007EE900AB8EE670AA4F52E
:108A2800AF63342B00F29781DFE813F0350035008F
:108A38003500350035003500350040004000400065
:108A480040004000400040005500550055005500CA
:108A58005500550055006200620062006200620025
:108A6800620062006E0075007E0087009300AE0011
:108A7800B700C300CF00D800E400F000F9000501FA
:108A880011011A0121012F01380141014A01530145
:108A98005C0164016C01E0B27838C0B2FFF718FEDF
:108AA800002840F05B814FF20F0410E7E0B27F38F6
:108AB800BDF9043007EE903AF8EEE77A9FED2F0AF9
:108AC80027EE800AC0B2FFF71BFE002840F049815C
:108AD8004FF20F04FBE6E0B27A309DF80410C0B202
:108AE800FFF722FE002840F03F814FF20F04EEE628
:108AF800E0B273300199C0B2FFF72EFE002840F0B3
:108B080036814FF20F04E2E61D4B019AA3F83E218D
:108B18004AF6AA24DBE60198FFF7B8F8002840F0E7
:108B280029814FF20F04D2E60198FFF7FFF80028D9
:108B380040F023814FF20F04C9E6DFED127A20EEF0
:108B4800270AFFF70FF9002840F01A814FF20F04A7
:108B5800BDE6DFED0C7A20EE270AFFF725F900289D
:108B680040F011814FF20F04B1E600BF74000020FD
:108B7800800000205C000020B80C0020ACC527371E
:108B88006C0800206F12833A0198FFF72FF900282C
:108B980040F0FC804FF20F0499E65FED067A20EE74
:108BA800270AFFF73BF9002840F0F3804FF20F0443
:108BB8008DE65FED0C7A20EE270AFFF751F90028C1
:108BC80040F0EA804FF20F0481E60198FFF76AF956
:108BD800002840F0E4804FF20F0478E65FED177A42
:108BE80020EE270AFFF772F9002840F0DB804FF2E9
:108BF8000F046CE65FED1D7A20EE270AFFF788F96F
:108C0800002840F0D2804FF20F0460E60198FFF789
:108C1800A1F9002840F0CC804FF20F0457E65FED31
:108C2800277A20EE270AFFF7ABF9002840F0C38027
:108C38004FF20F044BE65FED2D7A20EE270AFFF77F
:108C4800C1F9002840F0BA804FF20F043FE60198BE
:108C5800FFF7DAF9002840F0B4804FF20F0436E647
:108C68000198FFF7E7F968B94FF20F0401E04FF2F6
:108C78000F040198FFF7F6F900283FF428AE4AF6EA
:108C8800AA2424E64AF6AA24F3E70198FFF706FA8D
:108C9800002840F099804FF20F0418E60198FFF77A
:108CA8001BFA002840F093804FF20F040FE601985A
:108CB800FFF72AFA002840F08D804FF20F0406E6ED
:108CC8000198FFF739FA002840F087804FF20F0427
:108CD800FDE50198FFF748FA002840F081804FF23F
:108CE8000F04F4E50198FFF757FA00287BD14FF2FB
:108CF8000F04ECE50198FFF76DFA002876D14FF2E2
:108D08000F04E4E50198FFF781FA002871D14FF2CA
:108D18000F04DCE54FF20F04D9E54FF20F04D6E556
:108D28004AF6AA24D3E54AF6AA24D0E54AF6AA24A4
:108D3800CDE54AF6AA24CAE54AF6AA24C7E54AF6C2
:108D4800AA24C4E54AF6AA24C1E54AF6AA24BEE53F
:108D58004AF6AA24BBE54FF20F04B8E54AF6AA245E
:108D6800B5E54AF6AA24B2E54AF6AA24AFE54AF6DA
:108D7800AA24ACE54AF6AA24A9E54AF6AA24A6E557
:108D88004AF6AA24A3E54AF6AA24A0E54AF6AA24A4
:108D98009DE54AF6AA249AE54AF6AA2497E54AF6F2
:108DA800AA2494E54AF6AA2491E54AF6AA248EE56F
:108DB8004AF6AA248BE54AF6AA2488E54AF6AA24A4
:108DC80085E54AF6AA2482E54AF6AA247FE54AF60A
:108DD800AA247CE54AF6AA2479E54AF6AA2476E587
:108DE8004AF6AA2473E54AF6AA2470E54AF6AA24A4
:108DF8006DE54AF6AA246AE510B504466420F9F739
:108E0800C3FA4FF482720249204601F073FB10BD89
:108E1800F00D002070B52DED028B554B1C7844B138
:108E2800012C64D0022C00F0AF80032C52D1002416
:108E380090E3504E504DB2894FF47A71284600F0B5
:108E480057FEF28940F2E931284600F051FE328A95
:108E580040F2EA31284600F04BFE728A40F2EB31CC
:108E6800284600F045FE40F2ED310BE04D1CADB256
:108E7800424B33F9142092B23F4800F039FE0134D6
:108E8800E4B229460B2CF1D93C4DD5ED077AFCEE1E
:108E9800E77A394C17EE903A9AB240F2F931204607
:108EA80000F026FED5ED087AFCEEE77A17EE903A48
:108EB8009AB240F2FA31204600F01AFE2A8B40F2AC
:108EC800FB31204600F014FE6A8B4FF47F71204678
:108ED80000F00EFE264A13780133DBB21370032B21
:108EE80002D9134600221A70BDEC028B70BD244DC6
:108EF800244C6A7840F2B341204600F0F9FD2A7804
:108F080040F2B241204600F0F3FDAA7840F2B441A5
:108F1800204600F0EDFDB5F9A02192B240F2B5412E
:108F2800204600F0E5FD002410E02046FFF774FB22
:108F3800D0ED007AFDEEE77A17EE903A9AB204F295
:108F4800B641104800F0D4FD0134E4B2062CECD947
:108F580000240AE00A4B03EB4403DA8804F2BD411B
:108F6800084800F0C5FD0134E4B2052CF2D9B1E798
:108F7800B40C0020200F002080000020F80E0020F4
:108F88006C08002074000020EA4DD5ED2D7A9FED85
:108F9800EA8A67EE887AFCEEE77AE84C17EE903AB0
:108FA8009AB240F21451204600F0A2FDD5ED2E7A77
:108FB80067EE887AFCEEE77A17EE903A9AB240F2BA
:108FC8001551204600F094FDD5ED2F7ADFEDDC8AAF
:108FD80067EEA87AFCEEE77A17EE903A9AB240F27A
:108FE8001651204600F084FDD5ED307AFCEEE77A84
:108FF80017EE903A9AB240F21751204600F078FDE9
:10900800D5ED317AFCEEE77A17EE903A9AB24FF442
:10901800A361204600F06CFDD5ED327AFDEEE77ACB
:1090280017EE903A9AB240F21951204600F060FDCE
:10903800D5ED337AFCEEE77A17EE903A9AB240F221
:109048001A51204600F054FDD5ED347AFCEEE77A4B
:1090580017EE903A9AB240F21B51204600F048FDB4
:10906800D5ED357AFDEEE77A17EE903A9AB240F2EE
:109078001C51204600F03CFDD5ED367AFCEEE77A2F
:1090880017EE903A9AB240F21D51204600F030FD9A
:10909800D5ED377AFCEEE77A17EE903A9AB240F2BD
:1090A8001E51204600F024FDD5ED387AFCEEE77A13
:1090B80017EE903A9AB240F21F51204600F018FD80
:1090C800D5ED397AFCEEE77A17EE903A9AB24FF47A
:1090D800A461204600F00CFDD5ED207A67EE887A71
:1090E800FCEEE77A17EE903A9AB240F22151204608
:1090F80000F0FEFCD5ED217A67EE887AFCEEE77A7F
:1091080017EE903A9AB240F22251204600F0F0FC55
:10911800D5ED227A67EEA87AFCEEE77A17EE903A58
:109128009AB240F22351204600F0E2FCD5ED237AB2
:10913800FCEEE77A17EE903A9AB240F224512046B4
:1091480000F0D6FCD5ED247AFCEEE77A17EE903ADB
:109158009AB240F22551204600F0CAFCD5ED257A96
:10916800FDEEE77A17EE903A9AB240F22651204681
:1091780000F0BEFCD5ED267AFCEEE77A17EE903AC1
:109188009AB240F22751204600F0B2FCD5ED277A7A
:10919800FCEEE77A17EE903A9AB24FF4A5612046B2
:1091A80000F0A6FCD5ED287AFDEEE77A17EE903AA6
:1091B8009AB240F22951204600F09AFCD5ED297A5E
:1091C800FCEEE77A17EE903A9AB240F22A5120461E
:1091D80000F08EFCD5ED2A7AFCEEE77A17EE903A8D
:1091E8009AB240F22B51204600F082FCD5ED2B7A42
:1091F800FCEEE77A17EE903A9AB240F22C512046EC
:1092080000F076FCD5ED2C7AFCEEE77A17EE903A72
:109218009AB240F22D51204600F06AFCD5ED067A4C
:1092280067EE887AFCEEE77A17EE903A9AB240F247
:109238002E51204600F05CFCD5ED077A67EE887A5F
:10924800FCEEE77A17EE903A9AB240F22F51204698
:1092580000F04EFCD5ED087A67EEA87AFCEEE77AC6
:1092680017EE903A9AB24FF4A661204600F040FCFF
:10927800D5ED097AFCEEE77A17EE903A9AB240F209
:109288003151204600F034FCD5ED0A7AFCEEE77A3D
:1092980017EE903A9AB240F23251204600F028FC7C
:1092A800D5ED0B7AFDEEE77A17EE903A9AB240F2D6
:1092B8003351204600F01CFCD5ED0C7AFCEEE77A21
:1092C80017EE903A9AB240F23451204600F010FC62
:1092D800D5ED0D7AFCEEE77A17EE903A9AB240F2A5
:1092E8003551204600F004FCD5ED0E7AFDEEE77A04
:1092F80017EE903A9AB240F23651204600F0F8FB49
:10930800D5ED0F7AFCEEE77A17EE903A9AB240F272
:109318003751204600F0ECFBD5ED107AFCEEE77AE9
:1093280017EE903A9AB24FF4A761204600F0E0FB9E
:1093380008E000BF6C08002000007A4468000020A4
:109348000050C347D5ED117AFCEEE77A17EE903A54
:109358009AB240F23951204600F0CAFBD5ED127A94
:10936800FCEEE77A17EE903A9AB240F23A5120466C
:1093780000F0BEFBD5ED137A67EE887AFCEEE77A4B
:1093880017EE903A9AB240F23B51204600F0B0FBFB
:10939800D5ED147A67EE887AFCEEE77A17EE903A04
:1093A8009AB240F23C51204600F0A2FBD5ED157A66
:1093B80067EEA87AFCEEE77A17EE903A9AB240F296
:1093C8003D51204600F094FBD5ED167AFCEEE77A85
:1093D80017EE903A9AB240F23E51204600F088FBD0
:1093E800D5ED177AFCEEE77A17EE903A9AB240F28A
:1093F8003F51204600F07CFBD5ED187AFDEEE77A68
:1094080017EE903A9AB24FF4A861204600F070FB2C
:10941800D5ED197AFCEEE77A17EE903A9AB240F257
:109428004151204600F064FBD5ED1A7AFCEEE77A4C
:1094380017EE903A9AB240F24251204600F058FB9B
:10944800D5ED1B7AFDEEE77A17EE903A9AB240F224
:109458004351204600F04CFBD5ED1C7AFCEEE77A30
:1094680017EE903A9AB240F24451204600F040FB81
:10947800D5ED1D7AFCEEE77A17EE903A9AB240F2F3
:109488004551204600F034FBD5ED1E7AFCEEE77A14
:1094980017EE903A9AB240F24651204600F028FB67
:1094A800D5ED1F7AFCEEE77A17EE903A9AB240F2C1
:1094B8004751204600F01CFBD5ED3A7AFCEEE77ADE
:1094C80017EE903A9AB24FF4A961204600F010FBCB
:1094D800D5ED3B7A67EEA87AFCEEE77A17EE903A7C
:1094E8009AB240F24951204600F002FBD5ED3C7A91
:1094F800FCEEE77A17EE903A9AB240F24A512046CB
:1095080000F0F6FAD5ED3D7A67EEA87AFCEEE77A38
:1095180017EE903A9AB240F24B51204600F0E8FA22
:10952800D5ED3E7AFCEEE77A17EE903A9AB240F221
:109538004C51204600F0DCFACCE404F17C02C04B2C
:1095480003EB42039A8804F5AF61BE4800F0D0FAF5
:109558000134E4B2062CF0D9002416E004F14202EA
:10956800B74B03EB8203D3ED017A9FEDB77A67EE31
:10957800877AFDEEE77A17EE903A9AB204F27F51B5
:10958800B04800F0B5FA0134E4B2062CE6D900245C
:109598000AE0AB4B234493F8282104F28651A948EA
:1095A80000F0A6FA0134E4B2062CF2D900240CE04B
:1095B80004F19402A24B03EB42031A8904F28D5181
:1095C800A04800F095FA0134E4B2062CF0D99C4D7D
:1095D8009C4CB5F83E2140F29451204600F088FAA0
:1095E800B5F8402140F29551204600F081FAD5EDBA
:1095F800517AFCEEE77A17EE903A9AB240F2965119
:10960800204600F075FAD5ED527A9FED908A67EE04
:10961800887AFCEEE77A17EE903A9AB240F29751C0
:10962800204600F065FAD5ED537A67EE887AFCEEAD
:10963800E77A17EE903A9AB24FF4B361204600F0F9
:1096480057FAD5ED547AFCEEE77A17EE903A9AB2CB
:1096580040F29951204600F04BFAD5ED557A67EE65
:10966800887AFCEEE77A17EE903A9AB240F29A516D
:10967800204600F03DFAD5ED567A67EE887AFCEE82
:10968800E77A17EE903A9AB240F29B51204600F0E2
:109698002FFAD5ED577AFCEEE77A17EE903A9AB2A0
:1096A80040F29C51204600F023FAD5ED587A67EE37
:1096B800887AFCEEE77A17EE903A9AB240F29D511A
:1096C800204600F015FAD5ED597A67EE887AFCEE57
:1096D800E77A17EE903A9AB240F29E51204600F08F
:1096E80007FAD5ED5A7AFCEEE77A17EE903A9AB275
:1096F80040F29F51204600F0FBF9D5ED5B7A67EE0A
:10970800887AFCEEE77A17EE903A9AB24FF4B46191
:10971800204600F0EDF9D5ED5C7A67EE887AFCEE2C
:10972800E77A17EE903A9AB240F2A151204600F03B
:10973800DFF9D5ED5D7AFCEEE77A17EE903A9AB24A
:1097480040F2A251204600F0D3F9D5ED5E7AFCEE46
:10975800E77A17EE903A9AB240F2A351204600F009
:10976800C7F9D5ED5F7AFCEEE77A17EE903A9AB230
:1097780040F2A451204600F0BBF9D5ED607AFCEE2A
:10978800E77A17EE903A9AB240F2A551204600F0D7
:10979800AFF9D5ED617AFCEEE77A17EE903A9AB216
:1097A80040F2A651204600F0A3F9D5ED627AFCEE0E
:1097B800E77A17EE903A9AB240F2A751204600F0A5
:1097C80097F9D5ED637AFCEEE77A17EE903A9AB2FC
:1097D8004FF4B561204600F08BF9D5ED647AFCEEC4
:1097E800E77A17EE903A9AB240F2A951204600F073
:1097F8007FF9D5ED657AFCEEE77A17EE903A9AB2E2
:1098080040F2AA51204600F073F9D5ED667AFCEED5
:10981800E77A17EE903A9AB240F2AB51204600F040
:1098280067F9D5ED677AFCEEE77A17EE903A9AB2C7
:1098380040F2AC51204600F05BF9FFF74BBB00BF8C
:109848006C0800205C0000200050C34700007A44E8
:1098580010B504460D4800F07AF808B900BF10BDED
:10986800B0F1FF3FFBD000BFC2B2084B19692046D8
:1098780000F074FE06494B691A0402F08062DB436B
:1098880003F4806313438B61E9E700BF30000020D5
:109898000004004870B504464FF0000E14E0032998
:1098A80006D0062904D0102902D00BE0042909D1DA
:1098B80070BD0129FCD00529FAD00F29F8D001E0A4
:1098C8000229F5D00EF1010E207E70451CDD60697D
:1098D80050F82E000028EBD0B0F800C09445F1D81D
:1098E800D5184688B4446545ECDC0579032DE9D8DC
:1098F80001A656F825F000BFA7980008B5980008FB
:10990800BB980008C99800080020D1E7844610B128
:109918004FF6FF700FE0704740080133DBB2072BAA
:1099280007D810F0010FF7D04AF2010282EA50007E
:10993800F3E7013989B249B100F47F431CF8012BE0
:10994800C0B24240134498B20023E8E770470028A9
:1099580000F0B8802DE9F04706460569002D00F0B3
:10996800B480027B012A14D0717E2B78994240F092
:10997800AF8095F8019009F1FF33DBB2052B0AD9C6
:10998800A9F10F03DBB2012B00F2A580AC790734F3
:1099980002E00635E8E706245AB92F5D631CEB5C44
:1099A80047EA032721462846FFF7B0FF874240F0E1
:1099B8009580336803B19847B9F1030F19D0B9F10D
:1099C800060F4FD049F080031B0243F001036B8060
:1099D8000324337B012B6ED0A1B22846FFF796FFF4
:1099E8002855631CC0F30720E854A01C00BFBDE83D
:1099F800F08795F80380AB7848EA03286C792B79CF
:109A080044EA03240FFA84FA23464246494630467C
:109A1800FFF740FF074650B14FEA4A0A85F802A00F
:109A2800B36813B1224641469847002115E049F42E
:109A38002073A5F801300324CBE708EB01039BB2A0
:109A48003A889B1A9BB2BA6832F813004B0003336A
:109A5800020A42EA0022EA5201318C42EDDC64003B
:109A68000334B6E7EF78AB7847EA032701233A4691
:109A780049463046FFF70EFF0346A0B100BF68799C
:109A88002A7940EA022099681A88BA1A21F812003D
:109A9800D6F80480B8F1000F03D0012239461846E1
:109AA800C04700BF95E749F080031B0243F002035B
:109AB8006B8003248DE7230243EA242325F8023C24
:109AC800A01D94E74FF0FF3070474FF0FF308EE74E
:109AD8004FF0FF308BE74FF0FF3088E74FF0FF3053
:109AE80085E70388C91A89B2836833F8110070477B
:109AF80083680088091A23F811207047BFF34F8F35
:109B08000549CA6802F4E062044B1343CB60BFF313
:109B18004F8F00BFFDE700BF00ED00E00400FA052D
:109B2800002307E0C3F1050207490A44927BCA549F
:109B38000133DBB2052BF5D9034BDA79D2431A731B
:109B48009A79D2435A737047200F002091FAA1F1F5
:109B580061B1B1FA81F11039C9B2054B33F811106E
:109B6800435823F007031A43425070472021F2E775
:109B780054B8000891FAA1F161B1B1FA81F1103934
:109B8800C9B2054B33F81110435823F018031A4390
:109B9800425070472021F2E754B8000810B491FAF7
:109BA800A1F1B9B1B1FA81F3103BDBB20A4A32F83C
:109BB8001320815821F0200181508158074C14F856
:109BC80003C0C02303FA0CF321EA030383505DF8B2
:109BD800044B70472023E7E754B80008C4B70008CF
:109BE80091FAA1F161B1B1FA81F11139C9B28030AC
:109BF800044B33F81120835823F4007383507047C3
:109C08002021F2E754B8000810B591FAA1F1D1B1BA
:109C1800B1FA81F3103BDBB20C4931F813E050F88C
:109C28000E100B4C54F8234021EA040102F0200CDA
:109C380002F0C002074CE35C9A404CEA02030B4373
:109C480040F80E3010BD2023E4E700BF54B80008E8
:109C5800A8B70008C4B7000891FAA1F159B1B1FA40
:109C680081F11039C9B2054B33F81120835823F418
:109C78000063835070472021F3E700BF54B8000801
:109C880091FAA1F159B1B1FA81F11039C9B2054B74
:109C980033F81120835823F48063835070472021C0
:109CA800F3E700BF54B8000891FAA1F161B1B1FA25
:109CB80081F11039C9B2054B33F81110435823F01C
:109CC800C0631A43425070472021F2E754B8000895
:109CD80091FAA1F159B1B1FA81F11039C9B2054B24
:109CE80033F81120835843F00063835070472021D4
:109CF800F3E700BF54B8000810B491FAA1F1B1B16C
:109D0800B1FA81F3103BDBB20A4931F813C050F8BD
:109D18000C10094C54F8234021EA0401074CE35C79
:109D28009A400A4340F80C205DF8044B7047202302
:109D3800E8E700BF54B8000804B80008FCB70008FA
:109D480010B491FAA1F1B1B1B1FA81F3103BDBB2D1
:109D58000A4931F813C050F80C10094C54F8234044
:109D680021EA0401074CE35C9A400A4340F80C20BE
:109D78005DF8044B70472023E8E700BF54B800089B
:109D8800E0B70008D8B7000891FAA1F161B1B1FABB
:109D980081F11139C9B28030044B33F8112083584E
:109DA80023F04003835070472021F2E754B800089D
:109DB80091FAA1F169B1B1FA81F11039C9B2103043
:109DC800054B33F8111043581B0C1B041343435025
:109DD80070472021F1E700BF54B8000891FAA1F1BB
:109DE80069B1B1FA81F11039C9B21430054B33F8B1
:109DF800111043581B0C1B04134343507047202178
:109E0800F1E700BF54B8000891FAA1F169B1B1FABD
:109E180081F11039C9B21830054B33F81110435885
:109E280023F0FF031A43425070472021F1E700BF97
:109E380054B8000891FAA1F169B1B1FA81F1103969
:109E4800C9B21C30054B33F8111043581B0C1B04C6
:109E58001343435070472021F1E700BF54B800086E
:109E680091FAA1F161B1B1FA81F11139C9B2E430C5
:109E7800044B33F81120835843F4807383507047A0
:109E88002021F2E754B8000810B491FAA1F37BB18D
:109E9800B3FA83F3103B03F01F03D0F8A04324EA7E
:109EA80001019A401143C0F8A0135DF8044B7047B4
:109EB8002023EFE791FAA1F1A1B1B1FA81F14FF4B2
:109EC800003393FAA3F37BB1B3FA83F3C91AC9B287
:109ED800EC30064B33F81110435823F480331A43FF
:109EE800425070472021EAE72023EFE754B80008E2
:109EF80091FAA1F1A9B1B1FA81F14FF4003393FAC3
:109F0800A3F383B1B3FA83F3C91AC9B2EC30074B90
:109F180033F81110435823F0C00343EA8212425029
:109F280070472021E9E72023EEE700BF54B8000876
:109F380091FAA1F1A9B1B1FA81F14FF4003393FA82
:109F4800A3F383B1B3FA83F3C91AC9B2EC30074B50
:109F580033F81110435823F4404343EA8232425005
:109F680070472021E9E72023EEE700BF54B8000836
:109F780091FAA1F1A9B1B1FA81F14FF4003393FA42
:109F8800A3F383B1B3FA83F3C91AC9B2EC30074B10
:109F980033F81110435823F4405343EA0232425035
:109FA80070472021E9E72023EEE700BF54B80008F6
:109FB80091FAA1F1A9B1B1FA81F14FF4003393FA02
:109FC800A3F383B1B3FA83F3C91AC9B2EC30074BD0
:109FD80033F81110435823F4406343EA8222425075
:109FE80070472021E9E72023EEE700BF54B80008B6
:109FF80091FAA1F1A9B1B1FA81F14FF4003393FAC2
:10A00800A3F383B1B3FA83F3C91AC9B2EC30074B8F
:10A0180033F81110435823F4407343EA02224250A4
:10A0280070472021E9E72023EEE700BF54B8000875
:10A0380091FAA1F1A1B1B1FA81F14FF4003393FA89
:10A04800A3F37BB1B3FA83F3C91AC9B2EC30064B58
:10A0580033F81110435823F010031A434250704745
:10A068002021EAE72023EFE754B8000891FAA1F18C
:10A0780069B1B1FA81F11139C9B2B830054B33F879
:10A088001110435823F4E0531A43425070472021DB
:10A09800F1E700BF54B8000891FAA1F179B1B1FA1B
:10A0A80081F11139C9B2B830064B33F81110435851
:10A0B80023F4FF7323F00103134343507047202117
:10A0C800EFE700BF54B8000891FAA1F169B1B1FAFD
:10A0D80081F11139C9B2B830054B33F81110435822
:10A0E80023F400731A43425070472021F1E700BF60
:10A0F80054B8000891FAA1F181B1B1FA81F111398E
:10A10800C9B2B830064B33F81110435823F0FF7327
:10A1180023F4803343EA0243435070472021EEE79B
:10A1280054B8000891FAA1F169B1B1FA81F1113975
:10A13800C9B2B830054B33F81110435823F00073F7
:10A148001A43425070472021F1E700BF54B8000875
:10A1580091FAA1F179B1B1FA81F1012393FAA3F34C
:10A168005BB1B3FA83F3C91AC9B2BC30044B33F8F4
:10A178001130C25070472021EFE72023F3E700BFDA
:10A188003CB8000891FAA1F179B1B1FA81F1012343
:10A1980093FAA3F35BB1B3FA83F3C91AC9B2C03017
:10A1A800044B33F81130C25070472021EFE72023C9
:10A1B800F3E700BF3CB8000810B591FAA1F1E9B186
:10A1C800B1FA81F3012191FAA1F1C9B1B1FA81F192
:10A1D8005B1ADBB2E4300B4931F813C050F80C10AD
:10A1E800094C14F803E0022303FA0EF321EA0303EF
:10A1F80002FA0EF21A4340F80C2010BD2023E1E7C2
:10A208002021E5E724B80008CCB7000810B591FA7A
:10A21800A1F1E9B1B1FA81F3012191FAA1F1C9B132
:10A22800B1FA81F15B1ADBB2E4300B4931F813C0A3
:10A2380050F80C10094C14F803E0042303FA0EF349
:10A2480021EA030302FA0EF21A4340F80C2010BD6B
:10A258002023E1E72021E5E724B80008CCB700086F
:10A2680010B591FAA1F1E9B1B1FA81F3012191FA9E
:10A27800A1F1C9B1B1FA81F15B1ADBB2E4300B4943
:10A2880031F813C050F80C10094C14F803E00823F7
:10A2980003FA0EF321EA030302FA0EF21A4340F816
:10A2A8000C2010BD2023E1E72021E5E724B80008B1
:10A2B800CCB7000810B591FAA1F1E9B1B1FA81F370
:10A2C800012191FAA1F1C9B1B1FA81F15B1ADBB2AE
:10A2D800E4300B4931F813C050F80C10094C14F84D
:10A2E80003E0302303FA0EF321EA030302FA0EF225
:10A2F8001A4340F80C2010BD2023E1E72021E5E7B0
:10A3080024B80008CCB7000810B591FAA1F1E9B15A
:10A31800B1FA81F3012191FAA1F1C9B1B1FA81F140
:10A328005B1ADBB2E4300B4931F813C050F80C105B
:10A33800094C14F803E0402303FA0EF321EA03035F
:10A3480002FA0EF21A4340F80C2010BD2023E1E770
:10A358002021E5E724B80008CCB7000891FAA1F15C
:10A3680061B1B1FA81F11039C9B20830044B33F840
:10A378001120835843F04003835070472021F2E7AF
:10A3880054B8000891FAA1F161B1B1FA81F110391C
:10A39800C9B20830044B33F81120835843F0100336
:10A3A800835070472021F2E754B8000891FAA1F1D0
:10A3B80061B1B1FA81F11039C9B20C30044B33F8EC
:10A3C8001120835843F04003835070472021F2E75F
:10A3D80054B8000810B5104B80229A610120F7F795
:10A3E800D3FF002307E0191D0C4A02EB41020021AC
:10A3F800D1800133DBB2022BF5D9094C0821204664
:10A40800FAF7D4FD0C212046FAF712FD0421204664
:10A41800FAF70EFD10BD00BF000C0048200F002009
:10A428003004002008B54FF080431A6922F0010279
:10A438001A611A6922F002021A611A6922F00402EA
:10A448001A611A6922F008021A611A6922F01002C8
:10A458001A61FFF765FB034A0623911F0248FBF7C1
:10A468007FFD08BD260F0020E0070020014B588221
:10A47800704700BF200F002000F00701044B03EBDA
:10A48800D000837B01228A4013438373704700BF47
:10A49800200F002000F00701054B03EBD000827B62
:10A4A80001238B40DB435BB213408373704700BFCB
:10A4B800200F00204FEAD00C00F007010C4B03EBF3
:10A4C800D0039B7B43FA01F212F0010F08D001225E
:10A4D8008A40D24352B20649614413408B73704795
:10A4E800012202FA01F1024A62440B439373704756
:10A4F800200F002070B504460E4615466420F7F775
:10A5080043FF012C23D0134C236858696FEA10309D
:10A518006FEA003058612268136843F08063136063
:10A528002268536843F400035360A4F86850204637
:10A53800FAF784FE21682B4632462431E06FF9F79A
:10A5480063F82268936843F04003936070BD024C3F
:10A55800DAE700BFFC0500208C06002010B5134682
:10A56800012813D00A4CA26F012082F82500A26F9F
:10A57800002082F8240022682832A06FF9F744F8F6
:10A588002268936843F08003936010BD014CEAE7AA
:10A59800FC0500208C0600207047000008B5264BFB
:10A5A8001B68DA6912F4006F35D04FF400621A6242
:10A5B800214BDA6F11680A6822F001020A601A68F2
:10A5C80008211162B3F86820DB6F1B685B689A4248
:10A5D80011D1194BDA6F1268B3F868105160DA6F4D
:10A5E80011680A6842F001020A601A68936843F029
:10A5F8004003936008BD0120FFF72AF91820FFF7F0
:10A6080059FF0E4A537C23F0020353740C4B4FF44A
:10A61800FA621A80DDE7DA6912F0400F07D04022AB
:10A628001A6200BF044B9B6F1B685B68E2E7F5F793
:10A6380059FEFFF763FA00BF8C060020200F0020A8
:10A648000401002008B5264B1B68DA6912F4006F74
:10A6580035D04FF400621A62214BDA6F11680A682C
:10A6680022F001020A601A6808211162B3F8682012
:10A67800DB6F1B685B689A4211D1194BDA6F12685D
:10A68800B3F868105160DA6F11680A6842F0010285
:10A698000A601A68936843F04003936008BD02207B
:10A6A800FFF7D6F81A20FFF705FF0E4A537C23F070
:10A6B800080353740C4B4FF4FA625A80DDE7DA69E9
:10A6C80012F0400F07D040221A6200BF044B9B6F64
:10A6D8001B685B68E2E7F5F705FEFFF70FFA00BFB6
:10A6E800FC050020200F00200401002030B587B0B1
:10A6F80001AC244D0FCD0FC42B68236000251DE04D
:10A70800012323B1A368002BFADB0023F9E7A36830
:10A7180023F0004323F03F0343F00103A3600A2022
:10A72800F7F732FEA36823F0004323F03F0343F01A
:10A738000803A3600A20F7F727FE0135042D10DC73
:10A748000A20F7F721FE06AB03EB850353F8144CF8
:10A75800A36823F0404323F03F0343F00043A36082
:10A76800D0E7094A536843F040035360074802683A
:10A77800D36843F00103D3600021FAF759FB07B00F
:10A7880030BD00BFD8B5000800040050E403002025
:10A7980010B5AAB00446A8220C49684600F0A0FDEE
:10A7A800012C0BD00A4B5B8B00EE103AB8EE400A36
:10A7B8001521684600F0B6FB2AB010BD044B1B8B70
:10A7C80000EE103AB8EE400AF2E700BFECB5000818
:10A7D800F80E0020024A136923F001031361704741
:10A7E8000004004010B52A4B40221A60002313E0F1
:10A7F800284A52F8331002EBC30252688031120A19
:10A80800920002F00C028A58A2F5FF427F3A2249D0
:10A8180021F813200133DBB20B2BE9D91D4A116E45
:10A82800536E80311B0A9B0003F00C03CB581A4966
:10A838000B83906ED36E80301B0A9B0003F00C03D1
:10A84800C3584B83106F536F00F180021B0A9B00A3
:10A8580003F00C03D3588B84104B1A68511C1960F1
:10A868000F4BA3FB0213DB0B0E4901FB13231BB198
:10A8780000BFFDF78BFF10BD0120FFF789FF064CD5
:10A8880084ED070A0220FFF783FF84ED080AEFE74B
:10A89800000400508C000020F80E0020F40E002068
:10A8A80073B2E745C0D40100044BDA6842F00102F4
:10A8B800DA601A6842F001021A60704700480140E5
:10A8C80010B51B4A136923F00103136100BF00246C
:10A8D80001E00134E4B2012C27D8164B33F81430C8
:10A8E800002BF6D0013B9BB2124A22F81430002B01
:10A8F800EFD1601CC0B2FFF74FFE04F10C00C0B2EC
:10A90800400000F0FE00FFF7C5FD6300DBB219331D
:10A91800C3F3C40103F00703074A0A44917B0120EB
:10A9280000FA03F30B439373D3E7FDF7ABFC10BDB9
:10A938000048014004010020200F002008B5002332
:10A9480007E0191D054A02EB41020021D1800133BD
:10A95800DBB2022BF5D9FFF7D1F800BF200F00209A
:10A968002DE9F04F83B080468B4601924FF00009E5
:10A978003CE0002221462846FFF75AFB66E01022F9
:10A9880021469848FFF754FB60E02023A4E0042206
:10A9980039462846FFF7F6FBEDE000223946914894
:10A9A800FFF7F0FBE7E0042231462046FFF7EAFB19
:10A9B8008C4C002231462046FFF728FC0022314605
:10A9C8002046FFF74DFC002231462046FFF772FC77
:10A9D800002231462046FFF797FC824BD3F8883394
:10A9E80013F4803F00F0F98009F10109B9F1050F6E
:10A9F80000F2F58009F11104012606FA04F409FAB7
:10AA080006F306FA03F733449E40764D05222146A5
:10AA18002846FFF79BF8082221462846FFF7AAF8A0
:10AA280042F6041221462846FFF7D8F900222146AB
:10AA38002846FFF7E9F9002221462846FFF780F962
:10AA4800B8F1010F95D0B8F1000F98D0654D0022EC
:10AA580021462846FFF72EFA002221462846FFF70E
:10AA680047FA002221462846FFF762FA00222146CB
:10AA78002846FFF77DFA002221462846FFF798FA74
:10AA8800002221462846FFF7B3FA0022214628462D
:10AA9800FFF70AF921462846FFF780F800222146E9
:10AAA8002846FFF7B1F821462846FFF7D5F8214692
:10AAB8002846FFF7E5F821462846FFF709F94FF43D
:10AAC800802221462846FFF717F994FAA4F3002BB1
:10AAD8003FF45BAFB3FA83F3113BDBB2424A32F87F
:10AAE80013204FF0000A414B42F803A03D4D214688
:10AAF8002846FFF749F921462846FFF7B1F952469B
:10AB080021462846FFF7C0F9D5F88433C4F3064236
:10AB18001343C5F8843321462846FFF761F84FF4FC
:10AB2800406221462846FFF7A1FA5A4621462846A0
:10AB3800FFF7B2FA524621462846FFF7C5FA5A46A9
:10AB480021462846FFF7D6FA524621462846FFF7FF
:10AB5800E9FA019A39462846FFF72EFB08223946BA
:10AB68002846FFF7F5FAB8F1010F3FF410AFB8F136
:10AB7800000F3FF412AF1B4C002239462046FFF766
:10AB880045FB002239462046FFF76AFB002239467A
:10AB98002046FFF78FFB002239462046FFF7B4FB1B
:10ABA800019A31462046FFF707FB0022314620462E
:10ABB800FFF7CEFA042231462046FFF7E3FAB8F150
:10ABC800010F3FF4F0AEB8F1000F7FF4F1AE0022B0
:10ABD80031460448FFF7D6FAEAE600BFFDE603B0BF
:10ABE800BDE8F08F0068014054B80008D4680140FF
:10ABF80005280DD8012910D0022912D049B1002307
:10AC08000C49D1F89423C3F30B031343C1F89433CD
:10AC18007047094B53F82030F2E7084B53F82030BF
:10AC2800EEE7054B53F82030044A52F8202013432E
:10AC3800E6E700BF0068014078B7000890B7000851
:10AC480018B101280AD0002301E04FF44F63054AE8
:10AC5800D2F898130B43C2F89833704740F20F3379
:10AC6800F5E700BF0068014070B51546294B33F879
:10AC78001140294BD3F8883313F4803F01D100BF2A
:10AC8800F7E718BB244E22464FF480013046FFF701
:10AC9800A5F822464FF400213046FFF79FF82246D8
:10ACA8004FF480113046FFF799F845B91A4AD2F89F
:10ACB800843343F05803C2F88433012070BD62081E
:10ACC8004FF400213046FFF773F8EFE7124E2246A3
:10ACD8004FF480213046FFF781F822464FF40011E7
:10ACE8003046FFF77BF822464FF400313046FFF735
:10ACF80075F83DB9084AD2F8843343F02603C2F800
:10AD08008433DAE762084FF400113046FFF750F851
:10AD1800F0E700BF6CB700080068014005283CD880
:10AD280008B51F4B53F8201091FAA1F343B3B3FAB7
:10AD380083F3103BDBB21B4A32F813201A4BD3586B
:10AD48009BB207EE903AB8EEE77A27EE007ADFED8D
:10AD5800176AC7EE267AF5EEC07AF1EE10FA11D42A
:10AD68005A1E07EE102AB8EEC77AB4EEE77AF1EE6B
:10AD780010FA09D5013307EE903AF8EEE77A03E0C6
:10AD88002023D6E7DFED0A7AFCEEE77A17EE902A61
:10AD98000848FFF74FF8012008BD0020704700BFA2
:10ADA80054B7000854B800081468014000007A44F9
:10ADB800000000000068014010B50B4BD3F8883341
:10ADC80013F4803F0DD00120F7F7DEFA064C4FF45C
:10ADD80080112046FFF7EAFA236843F4FC03236056
:10ADE80010BD00BFE9E700BF0068014010B5074C7F
:10ADF8004FF480112046FFF7C5FA4FF48011204622
:10AE0800FFF7ACFAFDF7E4FA10BD00BF0068014097
:10AE180000BF704710B5074C4FF400312046FFF7CC
:10AE2800B1FA4FF400312046FFF798FAFFF7F0FF28
:10AE380010BD00BF006801400346002840D0D0ED97
:10AE4800037A90ED047A77EEC77AC0ED057A90ED33
:10AE5800027A27EE877AD0ED016A27EE267AD0EDBE
:10AE6800076A37EE267AD0ED0C6AF4EEC76AF1EE7F
:10AE780010FA08DCD0ED0B6AF4EEC76AF1EE10FAAE
:10AE880001D4F0EE476AC3ED076A93ED007A67EEE6
:10AE9800877AC3ED087A77EEA67A93ED0A0AB4EEBC
:10AEA800E70AF1EE10FA08DC93ED090AB4EEE70AB6
:10AEB800F1EE10FA01D4B0EE670A83ED060A704786
:10AEC8009FED010A704700BF000000000023C36027
:10AED800036143610362036BC361836A83617047E3
:10AEE800D0ED047A90ED037A67EE877AC0ED017AA7
:10AEF800704790ED007AD0ED027AB4EEE77AF1EE81
:10AF080010FA06DD90ED017A77EE877AC0ED027AC5
:10AF18007047B4EEE77AF1EE10FA01D580ED027AC7
:10AF280070470000D0ED007AF4EEC07AF1EE10FA26
:10AF38001BDC01F10053013B00EBC303D3ED007AA6
:10AF4800F4EEC07AF1EE10FA12D4012933D90123B4
:10AF5800994212DD00EBC302D2ED007AF4EEC07A1A
:10AF6800F1EE10FA07DC0133F2E790ED010A7047C1
:10AF780093ED010A7047DBB200E00023F3B103F15F
:10AF88000052013A00EBC20292ED006A30EE460A26
:10AF980000EBC300D0ED016AD2ED017A76EEE76AE4
:10AFA80090ED007A37EE467A86EE876A20EE060A3A
:10AFB80037EE800A70479FED030A70479FED010A3C
:10AFC800704700BF00000000194B1B6813F4807F16
:10AFD80014D1184BB3F8E0204FF6FF739A420BD008
:10AFE800154BD3F8E025154B03EA422303F1006320
:10AFF80083421AD901207047114BF9E70D4BB3F87A
:10B00800E0204FF6FF739A420BD00B4BD3F8E025A4
:10B018000A4B03EA422303F10063834203D8012069
:10B028007047074BF9E7022070470220704700BFBE
:10B03800000001400075FF1F0070FF1F00FEFF01A8
:10B04800000004087F207047C30803F1010C10F0CA
:10B05800070F01D003F1020C0022FF2A39D810B4DF
:10B0680083B0D30003F1006303F5FF231C6859681C
:10B0780000940191B1F1FF3F08BFB4F1FF3F05D043
:10B088000132FF2AEDD94FF0FF301BE013ED027BB0
:10B098008DED007B0022072A09DC02F108016944D2
:10B0A80011F8084CC1B28C4210D10132F3E700BF4D
:10B0B800C3F1006303F500234FEACC0CB3FBFCF3A8
:10B0C80018B200BF03B05DF8044B70474FF0FF3073
:10B0D800F8E74FF0FF3070472DE9F04389B0074695
:10B0E8000E46CD0811F0070F00D00135002200E010
:10B0F80001321446FF2A3ED8D30003F1006303F55A
:10B10800FF2318685968B1F1FF3F08BFB0F1FF3F4E
:10B11800EED1C4F58074691C8C42E9D31C46002327
:10B1280023432BD1344B1B78002B5ED1F7F728FF34
:10B13800324B4FF400421A61002301930123049318
:10B148002F4C2046FFF740FF02902046FFF77AFF7A
:10B15800039005A901A8F8F72DF8002848D1F7F7BA
:10B1680027FF254B01221A7031463846FFF7B4FFF6
:10B1780009B0BDE8F08300242346D1E7F7F700FFC4
:10B188001E4B4FF400421A614FF0000803E008F12B
:10B198000108454524D0A14607EBC803D3E900239D
:10B1A80004EBC8010020F7F741FF0028EFD0F5F7BE
:10B1B80099F8ECE703F120026A4402F8086C0133BD
:10B1C800072BF7DDDDE9062309EBC8010020F7F7B7
:10B1D8002DFF38B9F7F7ECFE074B00221A70C7E7C6
:10B1E8000023EDE7F5F77EF8F4E7F5F77BF89DE740
:10B1F800F5F778F8B3E700BF340F002000200240CD
:10B2080000F807080022FF2A3BD830B482B0D300E8
:10B2180003F1006303F5FF231D685C680095019442
:10B22800B4F1FF3F08BFB5F1FF3F04D00132FF2A58
:10B23800EDD9002020E053E90245CDE90045002280
:10B24800072A09DC02F108046C4414F8085CCCB243
:10B25800A54214D10132F3E7CD0811F0070F00D051
:10B2680001350135ED000022914204DD541B1C5DBF
:10B2780084540132F8E7012002B030BC7047002046
:10B28800FAE70020704702440346934200D1704712
:10B2980003F8011BF9E7000070B50D4D0D4C641B58
:10B2A800A4100026A64209D10B4D0C4C00F084F9DD
:10B2B800641BA4100026A64205D170BD55F8043BB6
:10B2C80098470136EEE755F8043B98470136F2E710
:10B2D8006CB800086CB800086CB8000870B80008B2
:10B2E8000A44914200F1FF3300D1704710B511F8BC
:10B2F800014B03F8014F9142F9D110BD2DE9F047F8
:10B30800089D0C46002B4ED194468C458646B2FAD1
:10B3180082F262D94AB1C2F12003914020FA03F3C4
:10B328000CFA02FC194300FA02FE4FEA1C471FFA06
:10B338008CF6B1FBF7F44FEA1E4307FB141143EAFE
:10B34800014304FB06F199420AD91CEB030304F1FB
:10B35800FF3080F01381994240F21081023C63442F
:10B36800591A1FFA8EF3B1FBF7F007FB101143EAE5
:10B37800014300FB06F69E420AD91CEB030300F1C9
:10B38800FF3180F0FD809E4240F2FA80634402382B
:10B398009B1B40EA044000211DB1D3400022C5E9AF
:10B3A8000032BDE8F0878B4205D90DB1C5E900012F
:10B3B80000210846F5E7B3FA83F1002946D1A342F4
:10B3C80002D39042C0F0F180861A64EB0303012097
:10B3D800002DE6D0C5E90063E3E7002A40F091803C
:10B3E800A1EB0C044FEA1C481FFA8CF70121B4FBAF
:10B3F800F8F64FEA1E4308FB164443EA044307FBEA
:10B4080006F0984208D91CEB030306F1FF3402D278
:10B41800984200F2CE8026461C1A1FFA8EF3B4FB1F
:10B42800F8F008FB104443EA044300FB07F79F4287
:10B4380008D91CEB030300F1FF3402D29F4200F24B
:10B44800B1802046DB1B40EA0640A5E7C1F1200693
:10B458008B4022FA06F71F4320FA06FC04FA01F390
:10B4680043EA0C03F44000FA01F8380C4FEA134998
:10B47800B4FBF0FE1FFA87FC00FB1E4449EA0444B3
:10B488000EFB0CF9A14502FA01F20AD93C190EF19A
:10B49800FF3A80F08580A14540F28280AEF1020E2D
:10B4A8003C44A4EB09041FFA83F9B4FBF0F300FB56
:10B4B800134449EA044403FB0CFCA44507D93C198E
:10B4C80003F1FF3068D2A44566D9023B3C4443EA05
:10B4D8000E40A0FB0293A4EB0C049C42CE469C4673
:10B4E80052D34FD055B1B8EB0E0364EB0C0404FAF9
:10B4F80006F6CB40CC401E43C5E900640021BDE8F8
:10B50800F087C2F1200320FA03F10CFA02FC24FAB6
:10B5180003F394400C434FEA1C4800FA02FE1FFA5A
:10B528008CF7B3FBF8F008FB1031230C43EA014316
:10B5380000FB07F1994208D91CEB030300F1FF3621
:10B548002CD299422AD9023863445B1AA4B2B3FBBD
:10B55800F8F108FB113344EA034401FB07F3A34263
:10B5680008D91CEB040401F1FF3613D2A34211D908
:10B5780002396444E41A41EA004138E70446EFE638
:10B58800084605E7C845ADD2B9EB020E63EB070CD8
:10B598000138A7E73146EDE7034698E73046D4E798
:10B5A800D6467EE7634402384CE7064623460846FB
:10B5B8000EE7023E63442FE7F8B500BFF8BC08BCAD
:10B5C8009E467047F8B500BFF8BC08BC9E46704759
:10B5D8000000005000010050000400500005005019
:10B5E800000600500020BC450000D2420050D5455E
:10B5F8000000C8420048F2450000BE42001C0A464E
:10B608000000B44200A01D460000AA4200283446AB
:10B618000000A04200FC4D460000964200546B46D4
:10B6280000008C42005E86460000824200A69946D1
:10B63800000070420074AF4600005C420006C74636
:10B648000000484200E8E0460000344200DCFC46C6
:10B658000000204200580D4700000C4200171D470B
:10B668000000F041002A2D470000C841008A3D47EC
:10B678000000A04100B04D470000704100275D4721
:10B688000000204100B16B473333A34001000200A2
:10B698000400060008000A000C001000200040000A
:10B6A80080000001080402040801010101010103EE
:10B6B8000701000000000000010203040000000070
:10B6C800000000000102030406070809E00000006A
:10B6D800A0010000A0010000A0010000A0010000DE
:10B6E800A0010000A001000000010101010101000A
:10B6F8000200000000000000000000C0000000F090
:10B70800000000F0000000F0000000F0000000F071
:10B71800000000F00C000000000000000000002005
:10B728000000FF010000FF010000FF010000FF0111
:10B738000000FF010000FF010000FF010000800081
:10B7480000018001000280020003000000004000A8
:10B7580000000800000010000000040000002000A5
:10B768000000020080BB10A4409CB888408330755C
:10B778000008000020000000800000000800000011
:10B788000002000002000000000400001000000099
:10B79800400000000400000000010000010000005B
:10B7A800E0000000A0010000A0010000A0010000CE
:10B7B800A0010000A0010000A0010000000101019B
:10B7C800010101000010001000100010001000100E
:10B7D8000200000000000000000000C0000000F0AF
:10B7E800000000F0000000F0000000F0000000F091
:10B7F800000000F00C000000000000000000002025
:10B808000000FF010000FF010000FF010000FF0130
:10B818000000FF010000FF010000FF010000000020
:10B828008000800000010001800180010002000208
:10B8380080028002000008008000880000010801E2
:10B84800800188010002080280028802000080004E
:0CB85800000180010002800200030000DB
:08B86400A0FAFF7F01000000C3
:04B86C00310200089D
:04B870000D020008BD
:10B8740001000000100000000000000000000000B3
:10B8840000000000000000000100000000000000B3
:10B8940000000000000000000024F400010000008B
:10B8A40000000000B588000800000000000000004F
:10B8B400F00D00204C000020040100008000002056
:10B8C40074000020680000205C000020780535002A
:10B8D40000000000BC0C002014053900000000002A
:10B8E400280D0020B0041300000000009C0D00206F
:10B8F400E803150000000000C40D00200000005003
:10B904000900000000000050150200000001005072
:10B91400090000000001005015020000000400505E
:10B924000F01000000040050090000000000005056
:10B934000F01000000050050150200000001005036
:10B944000F01000000040050150200000005005023
:10B9540009000000000500500F010000000600501F
:10B964000F01000000060050150200000006005000
:08B9740009000000D007D00714
:040000050800024DA0
:00000001FF
